,conv_filters1,conv_kernelSize1,conv_strides1,conv_activation1,pool_type1,pool_size1,pool_strides1,pool_momentum1,drop_value1,dense_num
0,10.0,2.0,1.0,1.0,1.0,2.0,1.0,0.5,0.0,100.0
1,80.0,2.0,1.0,1.0,1.0,2.0,1.0,0.5,0.0,100.0
2,10.0,10.0,1.0,1.0,1.0,2.0,1.0,0.5,0.0,100.0
3,80.0,10.0,1.0,1.0,1.0,2.0,1.0,0.5,0.0,100.0
4,10.0,2.0,10.0,1.0,1.0,2.0,1.0,0.5,0.0,100.0
5,80.0,2.0,10.0,1.0,1.0,2.0,1.0,0.5,0.0,100.0
6,10.0,10.0,10.0,1.0,1.0,2.0,1.0,0.5,0.0,100.0
7,80.0,10.0,10.0,1.0,1.0,2.0,1.0,0.5,0.0,100.0
8,10.0,2.0,1.0,3.0,1.0,2.0,1.0,0.5,0.0,100.0
9,80.0,2.0,1.0,3.0,1.0,2.0,1.0,0.5,0.0,100.0
10,10.0,10.0,1.0,3.0,1.0,2.0,1.0,0.5,0.0,100.0
11,80.0,10.0,1.0,3.0,1.0,2.0,1.0,0.5,0.0,100.0
12,10.0,2.0,10.0,3.0,1.0,2.0,1.0,0.5,0.0,100.0
13,80.0,2.0,10.0,3.0,1.0,2.0,1.0,0.5,0.0,100.0
14,10.0,10.0,10.0,3.0,1.0,2.0,1.0,0.5,0.0,100.0
15,80.0,10.0,10.0,3.0,1.0,2.0,1.0,0.5,0.0,100.0
16,10.0,2.0,1.0,1.0,3.0,2.0,1.0,0.5,0.0,100.0
17,80.0,2.0,1.0,1.0,3.0,2.0,1.0,0.5,0.0,100.0
18,10.0,10.0,1.0,1.0,3.0,2.0,1.0,0.5,0.0,100.0
19,80.0,10.0,1.0,1.0,3.0,2.0,1.0,0.5,0.0,100.0
20,10.0,2.0,10.0,1.0,3.0,2.0,1.0,0.5,0.0,100.0
21,80.0,2.0,10.0,1.0,3.0,2.0,1.0,0.5,0.0,100.0
22,10.0,10.0,10.0,1.0,3.0,2.0,1.0,0.5,0.0,100.0
23,80.0,10.0,10.0,1.0,3.0,2.0,1.0,0.5,0.0,100.0
24,10.0,2.0,1.0,3.0,3.0,2.0,1.0,0.5,0.0,100.0
25,80.0,2.0,1.0,3.0,3.0,2.0,1.0,0.5,0.0,100.0
26,10.0,10.0,1.0,3.0,3.0,2.0,1.0,0.5,0.0,100.0
27,80.0,10.0,1.0,3.0,3.0,2.0,1.0,0.5,0.0,100.0
28,10.0,2.0,10.0,3.0,3.0,2.0,1.0,0.5,0.0,100.0
29,80.0,2.0,10.0,3.0,3.0,2.0,1.0,0.5,0.0,100.0
30,10.0,10.0,10.0,3.0,3.0,2.0,1.0,0.5,0.0,100.0
31,80.0,10.0,10.0,3.0,3.0,2.0,1.0,0.5,0.0,100.0
32,10.0,2.0,1.0,1.0,1.0,10.0,1.0,0.5,0.0,100.0
33,80.0,2.0,1.0,1.0,1.0,10.0,1.0,0.5,0.0,100.0
34,10.0,10.0,1.0,1.0,1.0,10.0,1.0,0.5,0.0,100.0
35,80.0,10.0,1.0,1.0,1.0,10.0,1.0,0.5,0.0,100.0
36,10.0,2.0,10.0,1.0,1.0,10.0,1.0,0.5,0.0,100.0
37,80.0,2.0,10.0,1.0,1.0,10.0,1.0,0.5,0.0,100.0
38,10.0,10.0,10.0,1.0,1.0,10.0,1.0,0.5,0.0,100.0
39,80.0,10.0,10.0,1.0,1.0,10.0,1.0,0.5,0.0,100.0
40,10.0,2.0,1.0,3.0,1.0,10.0,1.0,0.5,0.0,100.0
41,80.0,2.0,1.0,3.0,1.0,10.0,1.0,0.5,0.0,100.0
42,10.0,10.0,1.0,3.0,1.0,10.0,1.0,0.5,0.0,100.0
43,80.0,10.0,1.0,3.0,1.0,10.0,1.0,0.5,0.0,100.0
44,10.0,2.0,10.0,3.0,1.0,10.0,1.0,0.5,0.0,100.0
45,80.0,2.0,10.0,3.0,1.0,10.0,1.0,0.5,0.0,100.0
46,10.0,10.0,10.0,3.0,1.0,10.0,1.0,0.5,0.0,100.0
47,80.0,10.0,10.0,3.0,1.0,10.0,1.0,0.5,0.0,100.0
48,10.0,2.0,1.0,1.0,3.0,10.0,1.0,0.5,0.0,100.0
49,80.0,2.0,1.0,1.0,3.0,10.0,1.0,0.5,0.0,100.0
50,10.0,10.0,1.0,1.0,3.0,10.0,1.0,0.5,0.0,100.0
51,80.0,10.0,1.0,1.0,3.0,10.0,1.0,0.5,0.0,100.0
52,10.0,2.0,10.0,1.0,3.0,10.0,1.0,0.5,0.0,100.0
53,80.0,2.0,10.0,1.0,3.0,10.0,1.0,0.5,0.0,100.0
54,10.0,10.0,10.0,1.0,3.0,10.0,1.0,0.5,0.0,100.0
55,80.0,10.0,10.0,1.0,3.0,10.0,1.0,0.5,0.0,100.0
56,10.0,2.0,1.0,3.0,3.0,10.0,1.0,0.5,0.0,100.0
57,80.0,2.0,1.0,3.0,3.0,10.0,1.0,0.5,0.0,100.0
58,10.0,10.0,1.0,3.0,3.0,10.0,1.0,0.5,0.0,100.0
59,80.0,10.0,1.0,3.0,3.0,10.0,1.0,0.5,0.0,100.0
60,10.0,2.0,10.0,3.0,3.0,10.0,1.0,0.5,0.0,100.0
61,80.0,2.0,10.0,3.0,3.0,10.0,1.0,0.5,0.0,100.0
62,10.0,10.0,10.0,3.0,3.0,10.0,1.0,0.5,0.0,100.0
63,80.0,10.0,10.0,3.0,3.0,10.0,1.0,0.5,0.0,100.0
64,10.0,2.0,1.0,1.0,1.0,2.0,10.0,0.5,0.0,100.0
65,80.0,2.0,1.0,1.0,1.0,2.0,10.0,0.5,0.0,100.0
66,10.0,10.0,1.0,1.0,1.0,2.0,10.0,0.5,0.0,100.0
67,80.0,10.0,1.0,1.0,1.0,2.0,10.0,0.5,0.0,100.0
68,10.0,2.0,10.0,1.0,1.0,2.0,10.0,0.5,0.0,100.0
69,80.0,2.0,10.0,1.0,1.0,2.0,10.0,0.5,0.0,100.0
70,10.0,10.0,10.0,1.0,1.0,2.0,10.0,0.5,0.0,100.0
71,80.0,10.0,10.0,1.0,1.0,2.0,10.0,0.5,0.0,100.0
72,10.0,2.0,1.0,3.0,1.0,2.0,10.0,0.5,0.0,100.0
73,80.0,2.0,1.0,3.0,1.0,2.0,10.0,0.5,0.0,100.0
74,10.0,10.0,1.0,3.0,1.0,2.0,10.0,0.5,0.0,100.0
75,80.0,10.0,1.0,3.0,1.0,2.0,10.0,0.5,0.0,100.0
76,10.0,2.0,10.0,3.0,1.0,2.0,10.0,0.5,0.0,100.0
77,80.0,2.0,10.0,3.0,1.0,2.0,10.0,0.5,0.0,100.0
78,10.0,10.0,10.0,3.0,1.0,2.0,10.0,0.5,0.0,100.0
79,80.0,10.0,10.0,3.0,1.0,2.0,10.0,0.5,0.0,100.0
80,10.0,2.0,1.0,1.0,3.0,2.0,10.0,0.5,0.0,100.0
81,80.0,2.0,1.0,1.0,3.0,2.0,10.0,0.5,0.0,100.0
82,10.0,10.0,1.0,1.0,3.0,2.0,10.0,0.5,0.0,100.0
83,80.0,10.0,1.0,1.0,3.0,2.0,10.0,0.5,0.0,100.0
84,10.0,2.0,10.0,1.0,3.0,2.0,10.0,0.5,0.0,100.0
85,80.0,2.0,10.0,1.0,3.0,2.0,10.0,0.5,0.0,100.0
86,10.0,10.0,10.0,1.0,3.0,2.0,10.0,0.5,0.0,100.0
87,80.0,10.0,10.0,1.0,3.0,2.0,10.0,0.5,0.0,100.0
88,10.0,2.0,1.0,3.0,3.0,2.0,10.0,0.5,0.0,100.0
89,80.0,2.0,1.0,3.0,3.0,2.0,10.0,0.5,0.0,100.0
90,10.0,10.0,1.0,3.0,3.0,2.0,10.0,0.5,0.0,100.0
91,80.0,10.0,1.0,3.0,3.0,2.0,10.0,0.5,0.0,100.0
92,10.0,2.0,10.0,3.0,3.0,2.0,10.0,0.5,0.0,100.0
93,80.0,2.0,10.0,3.0,3.0,2.0,10.0,0.5,0.0,100.0
94,10.0,10.0,10.0,3.0,3.0,2.0,10.0,0.5,0.0,100.0
95,80.0,10.0,10.0,3.0,3.0,2.0,10.0,0.5,0.0,100.0
96,10.0,2.0,1.0,1.0,1.0,10.0,10.0,0.5,0.0,100.0
97,80.0,2.0,1.0,1.0,1.0,10.0,10.0,0.5,0.0,100.0
98,10.0,10.0,1.0,1.0,1.0,10.0,10.0,0.5,0.0,100.0
99,80.0,10.0,1.0,1.0,1.0,10.0,10.0,0.5,0.0,100.0
100,10.0,2.0,10.0,1.0,1.0,10.0,10.0,0.5,0.0,100.0
101,80.0,2.0,10.0,1.0,1.0,10.0,10.0,0.5,0.0,100.0
102,10.0,10.0,10.0,1.0,1.0,10.0,10.0,0.5,0.0,100.0
103,80.0,10.0,10.0,1.0,1.0,10.0,10.0,0.5,0.0,100.0
104,10.0,2.0,1.0,3.0,1.0,10.0,10.0,0.5,0.0,100.0
105,80.0,2.0,1.0,3.0,1.0,10.0,10.0,0.5,0.0,100.0
106,10.0,10.0,1.0,3.0,1.0,10.0,10.0,0.5,0.0,100.0
107,80.0,10.0,1.0,3.0,1.0,10.0,10.0,0.5,0.0,100.0
108,10.0,2.0,10.0,3.0,1.0,10.0,10.0,0.5,0.0,100.0
109,80.0,2.0,10.0,3.0,1.0,10.0,10.0,0.5,0.0,100.0
110,10.0,10.0,10.0,3.0,1.0,10.0,10.0,0.5,0.0,100.0
111,80.0,10.0,10.0,3.0,1.0,10.0,10.0,0.5,0.0,100.0
112,10.0,2.0,1.0,1.0,3.0,10.0,10.0,0.5,0.0,100.0
113,80.0,2.0,1.0,1.0,3.0,10.0,10.0,0.5,0.0,100.0
114,10.0,10.0,1.0,1.0,3.0,10.0,10.0,0.5,0.0,100.0
115,80.0,10.0,1.0,1.0,3.0,10.0,10.0,0.5,0.0,100.0
116,10.0,2.0,10.0,1.0,3.0,10.0,10.0,0.5,0.0,100.0
117,80.0,2.0,10.0,1.0,3.0,10.0,10.0,0.5,0.0,100.0
118,10.0,10.0,10.0,1.0,3.0,10.0,10.0,0.5,0.0,100.0
119,80.0,10.0,10.0,1.0,3.0,10.0,10.0,0.5,0.0,100.0
120,10.0,2.0,1.0,3.0,3.0,10.0,10.0,0.5,0.0,100.0
121,80.0,2.0,1.0,3.0,3.0,10.0,10.0,0.5,0.0,100.0
122,10.0,10.0,1.0,3.0,3.0,10.0,10.0,0.5,0.0,100.0
123,80.0,10.0,1.0,3.0,3.0,10.0,10.0,0.5,0.0,100.0
124,10.0,2.0,10.0,3.0,3.0,10.0,10.0,0.5,0.0,100.0
125,80.0,2.0,10.0,3.0,3.0,10.0,10.0,0.5,0.0,100.0
126,10.0,10.0,10.0,3.0,3.0,10.0,10.0,0.5,0.0,100.0
127,80.0,10.0,10.0,3.0,3.0,10.0,10.0,0.5,0.0,100.0
128,10.0,2.0,1.0,1.0,1.0,2.0,1.0,0.95,0.0,100.0
129,80.0,2.0,1.0,1.0,1.0,2.0,1.0,0.95,0.0,100.0
130,10.0,10.0,1.0,1.0,1.0,2.0,1.0,0.95,0.0,100.0
131,80.0,10.0,1.0,1.0,1.0,2.0,1.0,0.95,0.0,100.0
132,10.0,2.0,10.0,1.0,1.0,2.0,1.0,0.95,0.0,100.0
133,80.0,2.0,10.0,1.0,1.0,2.0,1.0,0.95,0.0,100.0
134,10.0,10.0,10.0,1.0,1.0,2.0,1.0,0.95,0.0,100.0
135,80.0,10.0,10.0,1.0,1.0,2.0,1.0,0.95,0.0,100.0
136,10.0,2.0,1.0,3.0,1.0,2.0,1.0,0.95,0.0,100.0
137,80.0,2.0,1.0,3.0,1.0,2.0,1.0,0.95,0.0,100.0
138,10.0,10.0,1.0,3.0,1.0,2.0,1.0,0.95,0.0,100.0
139,80.0,10.0,1.0,3.0,1.0,2.0,1.0,0.95,0.0,100.0
140,10.0,2.0,10.0,3.0,1.0,2.0,1.0,0.95,0.0,100.0
141,80.0,2.0,10.0,3.0,1.0,2.0,1.0,0.95,0.0,100.0
142,10.0,10.0,10.0,3.0,1.0,2.0,1.0,0.95,0.0,100.0
143,80.0,10.0,10.0,3.0,1.0,2.0,1.0,0.95,0.0,100.0
144,10.0,2.0,1.0,1.0,3.0,2.0,1.0,0.95,0.0,100.0
145,80.0,2.0,1.0,1.0,3.0,2.0,1.0,0.95,0.0,100.0
146,10.0,10.0,1.0,1.0,3.0,2.0,1.0,0.95,0.0,100.0
147,80.0,10.0,1.0,1.0,3.0,2.0,1.0,0.95,0.0,100.0
148,10.0,2.0,10.0,1.0,3.0,2.0,1.0,0.95,0.0,100.0
149,80.0,2.0,10.0,1.0,3.0,2.0,1.0,0.95,0.0,100.0
150,10.0,10.0,10.0,1.0,3.0,2.0,1.0,0.95,0.0,100.0
151,80.0,10.0,10.0,1.0,3.0,2.0,1.0,0.95,0.0,100.0
152,10.0,2.0,1.0,3.0,3.0,2.0,1.0,0.95,0.0,100.0
153,80.0,2.0,1.0,3.0,3.0,2.0,1.0,0.95,0.0,100.0
154,10.0,10.0,1.0,3.0,3.0,2.0,1.0,0.95,0.0,100.0
155,80.0,10.0,1.0,3.0,3.0,2.0,1.0,0.95,0.0,100.0
156,10.0,2.0,10.0,3.0,3.0,2.0,1.0,0.95,0.0,100.0
157,80.0,2.0,10.0,3.0,3.0,2.0,1.0,0.95,0.0,100.0
158,10.0,10.0,10.0,3.0,3.0,2.0,1.0,0.95,0.0,100.0
159,80.0,10.0,10.0,3.0,3.0,2.0,1.0,0.95,0.0,100.0
160,10.0,2.0,1.0,1.0,1.0,10.0,1.0,0.95,0.0,100.0
161,80.0,2.0,1.0,1.0,1.0,10.0,1.0,0.95,0.0,100.0
162,10.0,10.0,1.0,1.0,1.0,10.0,1.0,0.95,0.0,100.0
163,80.0,10.0,1.0,1.0,1.0,10.0,1.0,0.95,0.0,100.0
164,10.0,2.0,10.0,1.0,1.0,10.0,1.0,0.95,0.0,100.0
165,80.0,2.0,10.0,1.0,1.0,10.0,1.0,0.95,0.0,100.0
166,10.0,10.0,10.0,1.0,1.0,10.0,1.0,0.95,0.0,100.0
167,80.0,10.0,10.0,1.0,1.0,10.0,1.0,0.95,0.0,100.0
168,10.0,2.0,1.0,3.0,1.0,10.0,1.0,0.95,0.0,100.0
169,80.0,2.0,1.0,3.0,1.0,10.0,1.0,0.95,0.0,100.0
170,10.0,10.0,1.0,3.0,1.0,10.0,1.0,0.95,0.0,100.0
171,80.0,10.0,1.0,3.0,1.0,10.0,1.0,0.95,0.0,100.0
172,10.0,2.0,10.0,3.0,1.0,10.0,1.0,0.95,0.0,100.0
173,80.0,2.0,10.0,3.0,1.0,10.0,1.0,0.95,0.0,100.0
174,10.0,10.0,10.0,3.0,1.0,10.0,1.0,0.95,0.0,100.0
175,80.0,10.0,10.0,3.0,1.0,10.0,1.0,0.95,0.0,100.0
176,10.0,2.0,1.0,1.0,3.0,10.0,1.0,0.95,0.0,100.0
177,80.0,2.0,1.0,1.0,3.0,10.0,1.0,0.95,0.0,100.0
178,10.0,10.0,1.0,1.0,3.0,10.0,1.0,0.95,0.0,100.0
179,80.0,10.0,1.0,1.0,3.0,10.0,1.0,0.95,0.0,100.0
180,10.0,2.0,10.0,1.0,3.0,10.0,1.0,0.95,0.0,100.0
181,80.0,2.0,10.0,1.0,3.0,10.0,1.0,0.95,0.0,100.0
182,10.0,10.0,10.0,1.0,3.0,10.0,1.0,0.95,0.0,100.0
183,80.0,10.0,10.0,1.0,3.0,10.0,1.0,0.95,0.0,100.0
184,10.0,2.0,1.0,3.0,3.0,10.0,1.0,0.95,0.0,100.0
185,80.0,2.0,1.0,3.0,3.0,10.0,1.0,0.95,0.0,100.0
186,10.0,10.0,1.0,3.0,3.0,10.0,1.0,0.95,0.0,100.0
187,80.0,10.0,1.0,3.0,3.0,10.0,1.0,0.95,0.0,100.0
188,10.0,2.0,10.0,3.0,3.0,10.0,1.0,0.95,0.0,100.0
189,80.0,2.0,10.0,3.0,3.0,10.0,1.0,0.95,0.0,100.0
190,10.0,10.0,10.0,3.0,3.0,10.0,1.0,0.95,0.0,100.0
191,80.0,10.0,10.0,3.0,3.0,10.0,1.0,0.95,0.0,100.0
192,10.0,2.0,1.0,1.0,1.0,2.0,10.0,0.95,0.0,100.0
193,80.0,2.0,1.0,1.0,1.0,2.0,10.0,0.95,0.0,100.0
194,10.0,10.0,1.0,1.0,1.0,2.0,10.0,0.95,0.0,100.0
195,80.0,10.0,1.0,1.0,1.0,2.0,10.0,0.95,0.0,100.0
196,10.0,2.0,10.0,1.0,1.0,2.0,10.0,0.95,0.0,100.0
197,80.0,2.0,10.0,1.0,1.0,2.0,10.0,0.95,0.0,100.0
198,10.0,10.0,10.0,1.0,1.0,2.0,10.0,0.95,0.0,100.0
199,80.0,10.0,10.0,1.0,1.0,2.0,10.0,0.95,0.0,100.0
200,10.0,2.0,1.0,3.0,1.0,2.0,10.0,0.95,0.0,100.0
201,80.0,2.0,1.0,3.0,1.0,2.0,10.0,0.95,0.0,100.0
202,10.0,10.0,1.0,3.0,1.0,2.0,10.0,0.95,0.0,100.0
203,80.0,10.0,1.0,3.0,1.0,2.0,10.0,0.95,0.0,100.0
204,10.0,2.0,10.0,3.0,1.0,2.0,10.0,0.95,0.0,100.0
205,80.0,2.0,10.0,3.0,1.0,2.0,10.0,0.95,0.0,100.0
206,10.0,10.0,10.0,3.0,1.0,2.0,10.0,0.95,0.0,100.0
207,80.0,10.0,10.0,3.0,1.0,2.0,10.0,0.95,0.0,100.0
208,10.0,2.0,1.0,1.0,3.0,2.0,10.0,0.95,0.0,100.0
209,80.0,2.0,1.0,1.0,3.0,2.0,10.0,0.95,0.0,100.0
210,10.0,10.0,1.0,1.0,3.0,2.0,10.0,0.95,0.0,100.0
211,80.0,10.0,1.0,1.0,3.0,2.0,10.0,0.95,0.0,100.0
212,10.0,2.0,10.0,1.0,3.0,2.0,10.0,0.95,0.0,100.0
213,80.0,2.0,10.0,1.0,3.0,2.0,10.0,0.95,0.0,100.0
214,10.0,10.0,10.0,1.0,3.0,2.0,10.0,0.95,0.0,100.0
215,80.0,10.0,10.0,1.0,3.0,2.0,10.0,0.95,0.0,100.0
216,10.0,2.0,1.0,3.0,3.0,2.0,10.0,0.95,0.0,100.0
217,80.0,2.0,1.0,3.0,3.0,2.0,10.0,0.95,0.0,100.0
218,10.0,10.0,1.0,3.0,3.0,2.0,10.0,0.95,0.0,100.0
219,80.0,10.0,1.0,3.0,3.0,2.0,10.0,0.95,0.0,100.0
220,10.0,2.0,10.0,3.0,3.0,2.0,10.0,0.95,0.0,100.0
221,80.0,2.0,10.0,3.0,3.0,2.0,10.0,0.95,0.0,100.0
222,10.0,10.0,10.0,3.0,3.0,2.0,10.0,0.95,0.0,100.0
223,80.0,10.0,10.0,3.0,3.0,2.0,10.0,0.95,0.0,100.0
224,10.0,2.0,1.0,1.0,1.0,10.0,10.0,0.95,0.0,100.0
225,80.0,2.0,1.0,1.0,1.0,10.0,10.0,0.95,0.0,100.0
226,10.0,10.0,1.0,1.0,1.0,10.0,10.0,0.95,0.0,100.0
227,80.0,10.0,1.0,1.0,1.0,10.0,10.0,0.95,0.0,100.0
228,10.0,2.0,10.0,1.0,1.0,10.0,10.0,0.95,0.0,100.0
229,80.0,2.0,10.0,1.0,1.0,10.0,10.0,0.95,0.0,100.0
230,10.0,10.0,10.0,1.0,1.0,10.0,10.0,0.95,0.0,100.0
231,80.0,10.0,10.0,1.0,1.0,10.0,10.0,0.95,0.0,100.0
232,10.0,2.0,1.0,3.0,1.0,10.0,10.0,0.95,0.0,100.0
233,80.0,2.0,1.0,3.0,1.0,10.0,10.0,0.95,0.0,100.0
234,10.0,10.0,1.0,3.0,1.0,10.0,10.0,0.95,0.0,100.0
235,80.0,10.0,1.0,3.0,1.0,10.0,10.0,0.95,0.0,100.0
236,10.0,2.0,10.0,3.0,1.0,10.0,10.0,0.95,0.0,100.0
237,80.0,2.0,10.0,3.0,1.0,10.0,10.0,0.95,0.0,100.0
238,10.0,10.0,10.0,3.0,1.0,10.0,10.0,0.95,0.0,100.0
239,80.0,10.0,10.0,3.0,1.0,10.0,10.0,0.95,0.0,100.0
240,10.0,2.0,1.0,1.0,3.0,10.0,10.0,0.95,0.0,100.0
241,80.0,2.0,1.0,1.0,3.0,10.0,10.0,0.95,0.0,100.0
242,10.0,10.0,1.0,1.0,3.0,10.0,10.0,0.95,0.0,100.0
243,80.0,10.0,1.0,1.0,3.0,10.0,10.0,0.95,0.0,100.0
244,10.0,2.0,10.0,1.0,3.0,10.0,10.0,0.95,0.0,100.0
245,80.0,2.0,10.0,1.0,3.0,10.0,10.0,0.95,0.0,100.0
246,10.0,10.0,10.0,1.0,3.0,10.0,10.0,0.95,0.0,100.0
247,80.0,10.0,10.0,1.0,3.0,10.0,10.0,0.95,0.0,100.0
248,10.0,2.0,1.0,3.0,3.0,10.0,10.0,0.95,0.0,100.0
249,80.0,2.0,1.0,3.0,3.0,10.0,10.0,0.95,0.0,100.0
250,10.0,10.0,1.0,3.0,3.0,10.0,10.0,0.95,0.0,100.0
251,80.0,10.0,1.0,3.0,3.0,10.0,10.0,0.95,0.0,100.0
252,10.0,2.0,10.0,3.0,3.0,10.0,10.0,0.95,0.0,100.0
253,80.0,2.0,10.0,3.0,3.0,10.0,10.0,0.95,0.0,100.0
254,10.0,10.0,10.0,3.0,3.0,10.0,10.0,0.95,0.0,100.0
255,80.0,10.0,10.0,3.0,3.0,10.0,10.0,0.95,0.0,100.0
256,10.0,2.0,1.0,1.0,1.0,2.0,1.0,0.5,0.5,100.0
257,80.0,2.0,1.0,1.0,1.0,2.0,1.0,0.5,0.5,100.0
258,10.0,10.0,1.0,1.0,1.0,2.0,1.0,0.5,0.5,100.0
259,80.0,10.0,1.0,1.0,1.0,2.0,1.0,0.5,0.5,100.0
260,10.0,2.0,10.0,1.0,1.0,2.0,1.0,0.5,0.5,100.0
261,80.0,2.0,10.0,1.0,1.0,2.0,1.0,0.5,0.5,100.0
262,10.0,10.0,10.0,1.0,1.0,2.0,1.0,0.5,0.5,100.0
263,80.0,10.0,10.0,1.0,1.0,2.0,1.0,0.5,0.5,100.0
264,10.0,2.0,1.0,3.0,1.0,2.0,1.0,0.5,0.5,100.0
265,80.0,2.0,1.0,3.0,1.0,2.0,1.0,0.5,0.5,100.0
266,10.0,10.0,1.0,3.0,1.0,2.0,1.0,0.5,0.5,100.0
267,80.0,10.0,1.0,3.0,1.0,2.0,1.0,0.5,0.5,100.0
268,10.0,2.0,10.0,3.0,1.0,2.0,1.0,0.5,0.5,100.0
269,80.0,2.0,10.0,3.0,1.0,2.0,1.0,0.5,0.5,100.0
270,10.0,10.0,10.0,3.0,1.0,2.0,1.0,0.5,0.5,100.0
271,80.0,10.0,10.0,3.0,1.0,2.0,1.0,0.5,0.5,100.0
272,10.0,2.0,1.0,1.0,3.0,2.0,1.0,0.5,0.5,100.0
273,80.0,2.0,1.0,1.0,3.0,2.0,1.0,0.5,0.5,100.0
274,10.0,10.0,1.0,1.0,3.0,2.0,1.0,0.5,0.5,100.0
275,80.0,10.0,1.0,1.0,3.0,2.0,1.0,0.5,0.5,100.0
276,10.0,2.0,10.0,1.0,3.0,2.0,1.0,0.5,0.5,100.0
277,80.0,2.0,10.0,1.0,3.0,2.0,1.0,0.5,0.5,100.0
278,10.0,10.0,10.0,1.0,3.0,2.0,1.0,0.5,0.5,100.0
279,80.0,10.0,10.0,1.0,3.0,2.0,1.0,0.5,0.5,100.0
280,10.0,2.0,1.0,3.0,3.0,2.0,1.0,0.5,0.5,100.0
281,80.0,2.0,1.0,3.0,3.0,2.0,1.0,0.5,0.5,100.0
282,10.0,10.0,1.0,3.0,3.0,2.0,1.0,0.5,0.5,100.0
283,80.0,10.0,1.0,3.0,3.0,2.0,1.0,0.5,0.5,100.0
284,10.0,2.0,10.0,3.0,3.0,2.0,1.0,0.5,0.5,100.0
285,80.0,2.0,10.0,3.0,3.0,2.0,1.0,0.5,0.5,100.0
286,10.0,10.0,10.0,3.0,3.0,2.0,1.0,0.5,0.5,100.0
287,80.0,10.0,10.0,3.0,3.0,2.0,1.0,0.5,0.5,100.0
288,10.0,2.0,1.0,1.0,1.0,10.0,1.0,0.5,0.5,100.0
289,80.0,2.0,1.0,1.0,1.0,10.0,1.0,0.5,0.5,100.0
290,10.0,10.0,1.0,1.0,1.0,10.0,1.0,0.5,0.5,100.0
291,80.0,10.0,1.0,1.0,1.0,10.0,1.0,0.5,0.5,100.0
292,10.0,2.0,10.0,1.0,1.0,10.0,1.0,0.5,0.5,100.0
293,80.0,2.0,10.0,1.0,1.0,10.0,1.0,0.5,0.5,100.0
294,10.0,10.0,10.0,1.0,1.0,10.0,1.0,0.5,0.5,100.0
295,80.0,10.0,10.0,1.0,1.0,10.0,1.0,0.5,0.5,100.0
296,10.0,2.0,1.0,3.0,1.0,10.0,1.0,0.5,0.5,100.0
297,80.0,2.0,1.0,3.0,1.0,10.0,1.0,0.5,0.5,100.0
298,10.0,10.0,1.0,3.0,1.0,10.0,1.0,0.5,0.5,100.0
299,80.0,10.0,1.0,3.0,1.0,10.0,1.0,0.5,0.5,100.0
300,10.0,2.0,10.0,3.0,1.0,10.0,1.0,0.5,0.5,100.0
301,80.0,2.0,10.0,3.0,1.0,10.0,1.0,0.5,0.5,100.0
302,10.0,10.0,10.0,3.0,1.0,10.0,1.0,0.5,0.5,100.0
303,80.0,10.0,10.0,3.0,1.0,10.0,1.0,0.5,0.5,100.0
304,10.0,2.0,1.0,1.0,3.0,10.0,1.0,0.5,0.5,100.0
305,80.0,2.0,1.0,1.0,3.0,10.0,1.0,0.5,0.5,100.0
306,10.0,10.0,1.0,1.0,3.0,10.0,1.0,0.5,0.5,100.0
307,80.0,10.0,1.0,1.0,3.0,10.0,1.0,0.5,0.5,100.0
308,10.0,2.0,10.0,1.0,3.0,10.0,1.0,0.5,0.5,100.0
309,80.0,2.0,10.0,1.0,3.0,10.0,1.0,0.5,0.5,100.0
310,10.0,10.0,10.0,1.0,3.0,10.0,1.0,0.5,0.5,100.0
311,80.0,10.0,10.0,1.0,3.0,10.0,1.0,0.5,0.5,100.0
312,10.0,2.0,1.0,3.0,3.0,10.0,1.0,0.5,0.5,100.0
313,80.0,2.0,1.0,3.0,3.0,10.0,1.0,0.5,0.5,100.0
314,10.0,10.0,1.0,3.0,3.0,10.0,1.0,0.5,0.5,100.0
315,80.0,10.0,1.0,3.0,3.0,10.0,1.0,0.5,0.5,100.0
316,10.0,2.0,10.0,3.0,3.0,10.0,1.0,0.5,0.5,100.0
317,80.0,2.0,10.0,3.0,3.0,10.0,1.0,0.5,0.5,100.0
318,10.0,10.0,10.0,3.0,3.0,10.0,1.0,0.5,0.5,100.0
319,80.0,10.0,10.0,3.0,3.0,10.0,1.0,0.5,0.5,100.0
320,10.0,2.0,1.0,1.0,1.0,2.0,10.0,0.5,0.5,100.0
321,80.0,2.0,1.0,1.0,1.0,2.0,10.0,0.5,0.5,100.0
322,10.0,10.0,1.0,1.0,1.0,2.0,10.0,0.5,0.5,100.0
323,80.0,10.0,1.0,1.0,1.0,2.0,10.0,0.5,0.5,100.0
324,10.0,2.0,10.0,1.0,1.0,2.0,10.0,0.5,0.5,100.0
325,80.0,2.0,10.0,1.0,1.0,2.0,10.0,0.5,0.5,100.0
326,10.0,10.0,10.0,1.0,1.0,2.0,10.0,0.5,0.5,100.0
327,80.0,10.0,10.0,1.0,1.0,2.0,10.0,0.5,0.5,100.0
328,10.0,2.0,1.0,3.0,1.0,2.0,10.0,0.5,0.5,100.0
329,80.0,2.0,1.0,3.0,1.0,2.0,10.0,0.5,0.5,100.0
330,10.0,10.0,1.0,3.0,1.0,2.0,10.0,0.5,0.5,100.0
331,80.0,10.0,1.0,3.0,1.0,2.0,10.0,0.5,0.5,100.0
332,10.0,2.0,10.0,3.0,1.0,2.0,10.0,0.5,0.5,100.0
333,80.0,2.0,10.0,3.0,1.0,2.0,10.0,0.5,0.5,100.0
334,10.0,10.0,10.0,3.0,1.0,2.0,10.0,0.5,0.5,100.0
335,80.0,10.0,10.0,3.0,1.0,2.0,10.0,0.5,0.5,100.0
336,10.0,2.0,1.0,1.0,3.0,2.0,10.0,0.5,0.5,100.0
337,80.0,2.0,1.0,1.0,3.0,2.0,10.0,0.5,0.5,100.0
338,10.0,10.0,1.0,1.0,3.0,2.0,10.0,0.5,0.5,100.0
339,80.0,10.0,1.0,1.0,3.0,2.0,10.0,0.5,0.5,100.0
340,10.0,2.0,10.0,1.0,3.0,2.0,10.0,0.5,0.5,100.0
341,80.0,2.0,10.0,1.0,3.0,2.0,10.0,0.5,0.5,100.0
342,10.0,10.0,10.0,1.0,3.0,2.0,10.0,0.5,0.5,100.0
343,80.0,10.0,10.0,1.0,3.0,2.0,10.0,0.5,0.5,100.0
344,10.0,2.0,1.0,3.0,3.0,2.0,10.0,0.5,0.5,100.0
345,80.0,2.0,1.0,3.0,3.0,2.0,10.0,0.5,0.5,100.0
346,10.0,10.0,1.0,3.0,3.0,2.0,10.0,0.5,0.5,100.0
347,80.0,10.0,1.0,3.0,3.0,2.0,10.0,0.5,0.5,100.0
348,10.0,2.0,10.0,3.0,3.0,2.0,10.0,0.5,0.5,100.0
349,80.0,2.0,10.0,3.0,3.0,2.0,10.0,0.5,0.5,100.0
350,10.0,10.0,10.0,3.0,3.0,2.0,10.0,0.5,0.5,100.0
351,80.0,10.0,10.0,3.0,3.0,2.0,10.0,0.5,0.5,100.0
352,10.0,2.0,1.0,1.0,1.0,10.0,10.0,0.5,0.5,100.0
353,80.0,2.0,1.0,1.0,1.0,10.0,10.0,0.5,0.5,100.0
354,10.0,10.0,1.0,1.0,1.0,10.0,10.0,0.5,0.5,100.0
355,80.0,10.0,1.0,1.0,1.0,10.0,10.0,0.5,0.5,100.0
356,10.0,2.0,10.0,1.0,1.0,10.0,10.0,0.5,0.5,100.0
357,80.0,2.0,10.0,1.0,1.0,10.0,10.0,0.5,0.5,100.0
358,10.0,10.0,10.0,1.0,1.0,10.0,10.0,0.5,0.5,100.0
359,80.0,10.0,10.0,1.0,1.0,10.0,10.0,0.5,0.5,100.0
360,10.0,2.0,1.0,3.0,1.0,10.0,10.0,0.5,0.5,100.0
361,80.0,2.0,1.0,3.0,1.0,10.0,10.0,0.5,0.5,100.0
362,10.0,10.0,1.0,3.0,1.0,10.0,10.0,0.5,0.5,100.0
363,80.0,10.0,1.0,3.0,1.0,10.0,10.0,0.5,0.5,100.0
364,10.0,2.0,10.0,3.0,1.0,10.0,10.0,0.5,0.5,100.0
365,80.0,2.0,10.0,3.0,1.0,10.0,10.0,0.5,0.5,100.0
366,10.0,10.0,10.0,3.0,1.0,10.0,10.0,0.5,0.5,100.0
367,80.0,10.0,10.0,3.0,1.0,10.0,10.0,0.5,0.5,100.0
368,10.0,2.0,1.0,1.0,3.0,10.0,10.0,0.5,0.5,100.0
369,80.0,2.0,1.0,1.0,3.0,10.0,10.0,0.5,0.5,100.0
370,10.0,10.0,1.0,1.0,3.0,10.0,10.0,0.5,0.5,100.0
371,80.0,10.0,1.0,1.0,3.0,10.0,10.0,0.5,0.5,100.0
372,10.0,2.0,10.0,1.0,3.0,10.0,10.0,0.5,0.5,100.0
373,80.0,2.0,10.0,1.0,3.0,10.0,10.0,0.5,0.5,100.0
374,10.0,10.0,10.0,1.0,3.0,10.0,10.0,0.5,0.5,100.0
375,80.0,10.0,10.0,1.0,3.0,10.0,10.0,0.5,0.5,100.0
376,10.0,2.0,1.0,3.0,3.0,10.0,10.0,0.5,0.5,100.0
377,80.0,2.0,1.0,3.0,3.0,10.0,10.0,0.5,0.5,100.0
378,10.0,10.0,1.0,3.0,3.0,10.0,10.0,0.5,0.5,100.0
379,80.0,10.0,1.0,3.0,3.0,10.0,10.0,0.5,0.5,100.0
380,10.0,2.0,10.0,3.0,3.0,10.0,10.0,0.5,0.5,100.0
381,80.0,2.0,10.0,3.0,3.0,10.0,10.0,0.5,0.5,100.0
382,10.0,10.0,10.0,3.0,3.0,10.0,10.0,0.5,0.5,100.0
383,80.0,10.0,10.0,3.0,3.0,10.0,10.0,0.5,0.5,100.0
384,10.0,2.0,1.0,1.0,1.0,2.0,1.0,0.95,0.5,100.0
385,80.0,2.0,1.0,1.0,1.0,2.0,1.0,0.95,0.5,100.0
386,10.0,10.0,1.0,1.0,1.0,2.0,1.0,0.95,0.5,100.0
387,80.0,10.0,1.0,1.0,1.0,2.0,1.0,0.95,0.5,100.0
388,10.0,2.0,10.0,1.0,1.0,2.0,1.0,0.95,0.5,100.0
389,80.0,2.0,10.0,1.0,1.0,2.0,1.0,0.95,0.5,100.0
390,10.0,10.0,10.0,1.0,1.0,2.0,1.0,0.95,0.5,100.0
391,80.0,10.0,10.0,1.0,1.0,2.0,1.0,0.95,0.5,100.0
392,10.0,2.0,1.0,3.0,1.0,2.0,1.0,0.95,0.5,100.0
393,80.0,2.0,1.0,3.0,1.0,2.0,1.0,0.95,0.5,100.0
394,10.0,10.0,1.0,3.0,1.0,2.0,1.0,0.95,0.5,100.0
395,80.0,10.0,1.0,3.0,1.0,2.0,1.0,0.95,0.5,100.0
396,10.0,2.0,10.0,3.0,1.0,2.0,1.0,0.95,0.5,100.0
397,80.0,2.0,10.0,3.0,1.0,2.0,1.0,0.95,0.5,100.0
398,10.0,10.0,10.0,3.0,1.0,2.0,1.0,0.95,0.5,100.0
399,80.0,10.0,10.0,3.0,1.0,2.0,1.0,0.95,0.5,100.0
400,10.0,2.0,1.0,1.0,3.0,2.0,1.0,0.95,0.5,100.0
401,80.0,2.0,1.0,1.0,3.0,2.0,1.0,0.95,0.5,100.0
402,10.0,10.0,1.0,1.0,3.0,2.0,1.0,0.95,0.5,100.0
403,80.0,10.0,1.0,1.0,3.0,2.0,1.0,0.95,0.5,100.0
404,10.0,2.0,10.0,1.0,3.0,2.0,1.0,0.95,0.5,100.0
405,80.0,2.0,10.0,1.0,3.0,2.0,1.0,0.95,0.5,100.0
406,10.0,10.0,10.0,1.0,3.0,2.0,1.0,0.95,0.5,100.0
407,80.0,10.0,10.0,1.0,3.0,2.0,1.0,0.95,0.5,100.0
408,10.0,2.0,1.0,3.0,3.0,2.0,1.0,0.95,0.5,100.0
409,80.0,2.0,1.0,3.0,3.0,2.0,1.0,0.95,0.5,100.0
410,10.0,10.0,1.0,3.0,3.0,2.0,1.0,0.95,0.5,100.0
411,80.0,10.0,1.0,3.0,3.0,2.0,1.0,0.95,0.5,100.0
412,10.0,2.0,10.0,3.0,3.0,2.0,1.0,0.95,0.5,100.0
413,80.0,2.0,10.0,3.0,3.0,2.0,1.0,0.95,0.5,100.0
414,10.0,10.0,10.0,3.0,3.0,2.0,1.0,0.95,0.5,100.0
415,80.0,10.0,10.0,3.0,3.0,2.0,1.0,0.95,0.5,100.0
416,10.0,2.0,1.0,1.0,1.0,10.0,1.0,0.95,0.5,100.0
417,80.0,2.0,1.0,1.0,1.0,10.0,1.0,0.95,0.5,100.0
418,10.0,10.0,1.0,1.0,1.0,10.0,1.0,0.95,0.5,100.0
419,80.0,10.0,1.0,1.0,1.0,10.0,1.0,0.95,0.5,100.0
420,10.0,2.0,10.0,1.0,1.0,10.0,1.0,0.95,0.5,100.0
421,80.0,2.0,10.0,1.0,1.0,10.0,1.0,0.95,0.5,100.0
422,10.0,10.0,10.0,1.0,1.0,10.0,1.0,0.95,0.5,100.0
423,80.0,10.0,10.0,1.0,1.0,10.0,1.0,0.95,0.5,100.0
424,10.0,2.0,1.0,3.0,1.0,10.0,1.0,0.95,0.5,100.0
425,80.0,2.0,1.0,3.0,1.0,10.0,1.0,0.95,0.5,100.0
426,10.0,10.0,1.0,3.0,1.0,10.0,1.0,0.95,0.5,100.0
427,80.0,10.0,1.0,3.0,1.0,10.0,1.0,0.95,0.5,100.0
428,10.0,2.0,10.0,3.0,1.0,10.0,1.0,0.95,0.5,100.0
429,80.0,2.0,10.0,3.0,1.0,10.0,1.0,0.95,0.5,100.0
430,10.0,10.0,10.0,3.0,1.0,10.0,1.0,0.95,0.5,100.0
431,80.0,10.0,10.0,3.0,1.0,10.0,1.0,0.95,0.5,100.0
432,10.0,2.0,1.0,1.0,3.0,10.0,1.0,0.95,0.5,100.0
433,80.0,2.0,1.0,1.0,3.0,10.0,1.0,0.95,0.5,100.0
434,10.0,10.0,1.0,1.0,3.0,10.0,1.0,0.95,0.5,100.0
435,80.0,10.0,1.0,1.0,3.0,10.0,1.0,0.95,0.5,100.0
436,10.0,2.0,10.0,1.0,3.0,10.0,1.0,0.95,0.5,100.0
437,80.0,2.0,10.0,1.0,3.0,10.0,1.0,0.95,0.5,100.0
438,10.0,10.0,10.0,1.0,3.0,10.0,1.0,0.95,0.5,100.0
439,80.0,10.0,10.0,1.0,3.0,10.0,1.0,0.95,0.5,100.0
440,10.0,2.0,1.0,3.0,3.0,10.0,1.0,0.95,0.5,100.0
441,80.0,2.0,1.0,3.0,3.0,10.0,1.0,0.95,0.5,100.0
442,10.0,10.0,1.0,3.0,3.0,10.0,1.0,0.95,0.5,100.0
443,80.0,10.0,1.0,3.0,3.0,10.0,1.0,0.95,0.5,100.0
444,10.0,2.0,10.0,3.0,3.0,10.0,1.0,0.95,0.5,100.0
445,80.0,2.0,10.0,3.0,3.0,10.0,1.0,0.95,0.5,100.0
446,10.0,10.0,10.0,3.0,3.0,10.0,1.0,0.95,0.5,100.0
447,80.0,10.0,10.0,3.0,3.0,10.0,1.0,0.95,0.5,100.0
448,10.0,2.0,1.0,1.0,1.0,2.0,10.0,0.95,0.5,100.0
449,80.0,2.0,1.0,1.0,1.0,2.0,10.0,0.95,0.5,100.0
450,10.0,10.0,1.0,1.0,1.0,2.0,10.0,0.95,0.5,100.0
451,80.0,10.0,1.0,1.0,1.0,2.0,10.0,0.95,0.5,100.0
452,10.0,2.0,10.0,1.0,1.0,2.0,10.0,0.95,0.5,100.0
453,80.0,2.0,10.0,1.0,1.0,2.0,10.0,0.95,0.5,100.0
454,10.0,10.0,10.0,1.0,1.0,2.0,10.0,0.95,0.5,100.0
455,80.0,10.0,10.0,1.0,1.0,2.0,10.0,0.95,0.5,100.0
456,10.0,2.0,1.0,3.0,1.0,2.0,10.0,0.95,0.5,100.0
457,80.0,2.0,1.0,3.0,1.0,2.0,10.0,0.95,0.5,100.0
458,10.0,10.0,1.0,3.0,1.0,2.0,10.0,0.95,0.5,100.0
459,80.0,10.0,1.0,3.0,1.0,2.0,10.0,0.95,0.5,100.0
460,10.0,2.0,10.0,3.0,1.0,2.0,10.0,0.95,0.5,100.0
461,80.0,2.0,10.0,3.0,1.0,2.0,10.0,0.95,0.5,100.0
462,10.0,10.0,10.0,3.0,1.0,2.0,10.0,0.95,0.5,100.0
463,80.0,10.0,10.0,3.0,1.0,2.0,10.0,0.95,0.5,100.0
464,10.0,2.0,1.0,1.0,3.0,2.0,10.0,0.95,0.5,100.0
465,80.0,2.0,1.0,1.0,3.0,2.0,10.0,0.95,0.5,100.0
466,10.0,10.0,1.0,1.0,3.0,2.0,10.0,0.95,0.5,100.0
467,80.0,10.0,1.0,1.0,3.0,2.0,10.0,0.95,0.5,100.0
468,10.0,2.0,10.0,1.0,3.0,2.0,10.0,0.95,0.5,100.0
469,80.0,2.0,10.0,1.0,3.0,2.0,10.0,0.95,0.5,100.0
470,10.0,10.0,10.0,1.0,3.0,2.0,10.0,0.95,0.5,100.0
471,80.0,10.0,10.0,1.0,3.0,2.0,10.0,0.95,0.5,100.0
472,10.0,2.0,1.0,3.0,3.0,2.0,10.0,0.95,0.5,100.0
473,80.0,2.0,1.0,3.0,3.0,2.0,10.0,0.95,0.5,100.0
474,10.0,10.0,1.0,3.0,3.0,2.0,10.0,0.95,0.5,100.0
475,80.0,10.0,1.0,3.0,3.0,2.0,10.0,0.95,0.5,100.0
476,10.0,2.0,10.0,3.0,3.0,2.0,10.0,0.95,0.5,100.0
477,80.0,2.0,10.0,3.0,3.0,2.0,10.0,0.95,0.5,100.0
478,10.0,10.0,10.0,3.0,3.0,2.0,10.0,0.95,0.5,100.0
479,80.0,10.0,10.0,3.0,3.0,2.0,10.0,0.95,0.5,100.0
480,10.0,2.0,1.0,1.0,1.0,10.0,10.0,0.95,0.5,100.0
481,80.0,2.0,1.0,1.0,1.0,10.0,10.0,0.95,0.5,100.0
482,10.0,10.0,1.0,1.0,1.0,10.0,10.0,0.95,0.5,100.0
483,80.0,10.0,1.0,1.0,1.0,10.0,10.0,0.95,0.5,100.0
484,10.0,2.0,10.0,1.0,1.0,10.0,10.0,0.95,0.5,100.0
485,80.0,2.0,10.0,1.0,1.0,10.0,10.0,0.95,0.5,100.0
486,10.0,10.0,10.0,1.0,1.0,10.0,10.0,0.95,0.5,100.0
487,80.0,10.0,10.0,1.0,1.0,10.0,10.0,0.95,0.5,100.0
488,10.0,2.0,1.0,3.0,1.0,10.0,10.0,0.95,0.5,100.0
489,80.0,2.0,1.0,3.0,1.0,10.0,10.0,0.95,0.5,100.0
490,10.0,10.0,1.0,3.0,1.0,10.0,10.0,0.95,0.5,100.0
491,80.0,10.0,1.0,3.0,1.0,10.0,10.0,0.95,0.5,100.0
492,10.0,2.0,10.0,3.0,1.0,10.0,10.0,0.95,0.5,100.0
493,80.0,2.0,10.0,3.0,1.0,10.0,10.0,0.95,0.5,100.0
494,10.0,10.0,10.0,3.0,1.0,10.0,10.0,0.95,0.5,100.0
495,80.0,10.0,10.0,3.0,1.0,10.0,10.0,0.95,0.5,100.0
496,10.0,2.0,1.0,1.0,3.0,10.0,10.0,0.95,0.5,100.0
497,80.0,2.0,1.0,1.0,3.0,10.0,10.0,0.95,0.5,100.0
498,10.0,10.0,1.0,1.0,3.0,10.0,10.0,0.95,0.5,100.0
499,80.0,10.0,1.0,1.0,3.0,10.0,10.0,0.95,0.5,100.0
500,10.0,2.0,10.0,1.0,3.0,10.0,10.0,0.95,0.5,100.0
501,80.0,2.0,10.0,1.0,3.0,10.0,10.0,0.95,0.5,100.0
502,10.0,10.0,10.0,1.0,3.0,10.0,10.0,0.95,0.5,100.0
503,80.0,10.0,10.0,1.0,3.0,10.0,10.0,0.95,0.5,100.0
504,10.0,2.0,1.0,3.0,3.0,10.0,10.0,0.95,0.5,100.0
505,80.0,2.0,1.0,3.0,3.0,10.0,10.0,0.95,0.5,100.0
506,10.0,10.0,1.0,3.0,3.0,10.0,10.0,0.95,0.5,100.0
507,80.0,10.0,1.0,3.0,3.0,10.0,10.0,0.95,0.5,100.0
508,10.0,2.0,10.0,3.0,3.0,10.0,10.0,0.95,0.5,100.0
509,80.0,2.0,10.0,3.0,3.0,10.0,10.0,0.95,0.5,100.0
510,10.0,10.0,10.0,3.0,3.0,10.0,10.0,0.95,0.5,100.0
511,80.0,10.0,10.0,3.0,3.0,10.0,10.0,0.95,0.5,100.0
512,10.0,2.0,1.0,1.0,1.0,2.0,1.0,0.5,0.0,1000.0
513,80.0,2.0,1.0,1.0,1.0,2.0,1.0,0.5,0.0,1000.0
514,10.0,10.0,1.0,1.0,1.0,2.0,1.0,0.5,0.0,1000.0
515,80.0,10.0,1.0,1.0,1.0,2.0,1.0,0.5,0.0,1000.0
516,10.0,2.0,10.0,1.0,1.0,2.0,1.0,0.5,0.0,1000.0
517,80.0,2.0,10.0,1.0,1.0,2.0,1.0,0.5,0.0,1000.0
518,10.0,10.0,10.0,1.0,1.0,2.0,1.0,0.5,0.0,1000.0
519,80.0,10.0,10.0,1.0,1.0,2.0,1.0,0.5,0.0,1000.0
520,10.0,2.0,1.0,3.0,1.0,2.0,1.0,0.5,0.0,1000.0
521,80.0,2.0,1.0,3.0,1.0,2.0,1.0,0.5,0.0,1000.0
522,10.0,10.0,1.0,3.0,1.0,2.0,1.0,0.5,0.0,1000.0
523,80.0,10.0,1.0,3.0,1.0,2.0,1.0,0.5,0.0,1000.0
524,10.0,2.0,10.0,3.0,1.0,2.0,1.0,0.5,0.0,1000.0
525,80.0,2.0,10.0,3.0,1.0,2.0,1.0,0.5,0.0,1000.0
526,10.0,10.0,10.0,3.0,1.0,2.0,1.0,0.5,0.0,1000.0
527,80.0,10.0,10.0,3.0,1.0,2.0,1.0,0.5,0.0,1000.0
528,10.0,2.0,1.0,1.0,3.0,2.0,1.0,0.5,0.0,1000.0
529,80.0,2.0,1.0,1.0,3.0,2.0,1.0,0.5,0.0,1000.0
530,10.0,10.0,1.0,1.0,3.0,2.0,1.0,0.5,0.0,1000.0
531,80.0,10.0,1.0,1.0,3.0,2.0,1.0,0.5,0.0,1000.0
532,10.0,2.0,10.0,1.0,3.0,2.0,1.0,0.5,0.0,1000.0
533,80.0,2.0,10.0,1.0,3.0,2.0,1.0,0.5,0.0,1000.0
534,10.0,10.0,10.0,1.0,3.0,2.0,1.0,0.5,0.0,1000.0
535,80.0,10.0,10.0,1.0,3.0,2.0,1.0,0.5,0.0,1000.0
536,10.0,2.0,1.0,3.0,3.0,2.0,1.0,0.5,0.0,1000.0
537,80.0,2.0,1.0,3.0,3.0,2.0,1.0,0.5,0.0,1000.0
538,10.0,10.0,1.0,3.0,3.0,2.0,1.0,0.5,0.0,1000.0
539,80.0,10.0,1.0,3.0,3.0,2.0,1.0,0.5,0.0,1000.0
540,10.0,2.0,10.0,3.0,3.0,2.0,1.0,0.5,0.0,1000.0
541,80.0,2.0,10.0,3.0,3.0,2.0,1.0,0.5,0.0,1000.0
542,10.0,10.0,10.0,3.0,3.0,2.0,1.0,0.5,0.0,1000.0
543,80.0,10.0,10.0,3.0,3.0,2.0,1.0,0.5,0.0,1000.0
544,10.0,2.0,1.0,1.0,1.0,10.0,1.0,0.5,0.0,1000.0
545,80.0,2.0,1.0,1.0,1.0,10.0,1.0,0.5,0.0,1000.0
546,10.0,10.0,1.0,1.0,1.0,10.0,1.0,0.5,0.0,1000.0
547,80.0,10.0,1.0,1.0,1.0,10.0,1.0,0.5,0.0,1000.0
548,10.0,2.0,10.0,1.0,1.0,10.0,1.0,0.5,0.0,1000.0
549,80.0,2.0,10.0,1.0,1.0,10.0,1.0,0.5,0.0,1000.0
550,10.0,10.0,10.0,1.0,1.0,10.0,1.0,0.5,0.0,1000.0
551,80.0,10.0,10.0,1.0,1.0,10.0,1.0,0.5,0.0,1000.0
552,10.0,2.0,1.0,3.0,1.0,10.0,1.0,0.5,0.0,1000.0
553,80.0,2.0,1.0,3.0,1.0,10.0,1.0,0.5,0.0,1000.0
554,10.0,10.0,1.0,3.0,1.0,10.0,1.0,0.5,0.0,1000.0
555,80.0,10.0,1.0,3.0,1.0,10.0,1.0,0.5,0.0,1000.0
556,10.0,2.0,10.0,3.0,1.0,10.0,1.0,0.5,0.0,1000.0
557,80.0,2.0,10.0,3.0,1.0,10.0,1.0,0.5,0.0,1000.0
558,10.0,10.0,10.0,3.0,1.0,10.0,1.0,0.5,0.0,1000.0
559,80.0,10.0,10.0,3.0,1.0,10.0,1.0,0.5,0.0,1000.0
560,10.0,2.0,1.0,1.0,3.0,10.0,1.0,0.5,0.0,1000.0
561,80.0,2.0,1.0,1.0,3.0,10.0,1.0,0.5,0.0,1000.0
562,10.0,10.0,1.0,1.0,3.0,10.0,1.0,0.5,0.0,1000.0
563,80.0,10.0,1.0,1.0,3.0,10.0,1.0,0.5,0.0,1000.0
564,10.0,2.0,10.0,1.0,3.0,10.0,1.0,0.5,0.0,1000.0
565,80.0,2.0,10.0,1.0,3.0,10.0,1.0,0.5,0.0,1000.0
566,10.0,10.0,10.0,1.0,3.0,10.0,1.0,0.5,0.0,1000.0
567,80.0,10.0,10.0,1.0,3.0,10.0,1.0,0.5,0.0,1000.0
568,10.0,2.0,1.0,3.0,3.0,10.0,1.0,0.5,0.0,1000.0
569,80.0,2.0,1.0,3.0,3.0,10.0,1.0,0.5,0.0,1000.0
570,10.0,10.0,1.0,3.0,3.0,10.0,1.0,0.5,0.0,1000.0
571,80.0,10.0,1.0,3.0,3.0,10.0,1.0,0.5,0.0,1000.0
572,10.0,2.0,10.0,3.0,3.0,10.0,1.0,0.5,0.0,1000.0
573,80.0,2.0,10.0,3.0,3.0,10.0,1.0,0.5,0.0,1000.0
574,10.0,10.0,10.0,3.0,3.0,10.0,1.0,0.5,0.0,1000.0
575,80.0,10.0,10.0,3.0,3.0,10.0,1.0,0.5,0.0,1000.0
576,10.0,2.0,1.0,1.0,1.0,2.0,10.0,0.5,0.0,1000.0
577,80.0,2.0,1.0,1.0,1.0,2.0,10.0,0.5,0.0,1000.0
578,10.0,10.0,1.0,1.0,1.0,2.0,10.0,0.5,0.0,1000.0
579,80.0,10.0,1.0,1.0,1.0,2.0,10.0,0.5,0.0,1000.0
580,10.0,2.0,10.0,1.0,1.0,2.0,10.0,0.5,0.0,1000.0
581,80.0,2.0,10.0,1.0,1.0,2.0,10.0,0.5,0.0,1000.0
582,10.0,10.0,10.0,1.0,1.0,2.0,10.0,0.5,0.0,1000.0
583,80.0,10.0,10.0,1.0,1.0,2.0,10.0,0.5,0.0,1000.0
584,10.0,2.0,1.0,3.0,1.0,2.0,10.0,0.5,0.0,1000.0
585,80.0,2.0,1.0,3.0,1.0,2.0,10.0,0.5,0.0,1000.0
586,10.0,10.0,1.0,3.0,1.0,2.0,10.0,0.5,0.0,1000.0
587,80.0,10.0,1.0,3.0,1.0,2.0,10.0,0.5,0.0,1000.0
588,10.0,2.0,10.0,3.0,1.0,2.0,10.0,0.5,0.0,1000.0
589,80.0,2.0,10.0,3.0,1.0,2.0,10.0,0.5,0.0,1000.0
590,10.0,10.0,10.0,3.0,1.0,2.0,10.0,0.5,0.0,1000.0
591,80.0,10.0,10.0,3.0,1.0,2.0,10.0,0.5,0.0,1000.0
592,10.0,2.0,1.0,1.0,3.0,2.0,10.0,0.5,0.0,1000.0
593,80.0,2.0,1.0,1.0,3.0,2.0,10.0,0.5,0.0,1000.0
594,10.0,10.0,1.0,1.0,3.0,2.0,10.0,0.5,0.0,1000.0
595,80.0,10.0,1.0,1.0,3.0,2.0,10.0,0.5,0.0,1000.0
596,10.0,2.0,10.0,1.0,3.0,2.0,10.0,0.5,0.0,1000.0
597,80.0,2.0,10.0,1.0,3.0,2.0,10.0,0.5,0.0,1000.0
598,10.0,10.0,10.0,1.0,3.0,2.0,10.0,0.5,0.0,1000.0
599,80.0,10.0,10.0,1.0,3.0,2.0,10.0,0.5,0.0,1000.0
600,10.0,2.0,1.0,3.0,3.0,2.0,10.0,0.5,0.0,1000.0
601,80.0,2.0,1.0,3.0,3.0,2.0,10.0,0.5,0.0,1000.0
602,10.0,10.0,1.0,3.0,3.0,2.0,10.0,0.5,0.0,1000.0
603,80.0,10.0,1.0,3.0,3.0,2.0,10.0,0.5,0.0,1000.0
604,10.0,2.0,10.0,3.0,3.0,2.0,10.0,0.5,0.0,1000.0
605,80.0,2.0,10.0,3.0,3.0,2.0,10.0,0.5,0.0,1000.0
606,10.0,10.0,10.0,3.0,3.0,2.0,10.0,0.5,0.0,1000.0
607,80.0,10.0,10.0,3.0,3.0,2.0,10.0,0.5,0.0,1000.0
608,10.0,2.0,1.0,1.0,1.0,10.0,10.0,0.5,0.0,1000.0
609,80.0,2.0,1.0,1.0,1.0,10.0,10.0,0.5,0.0,1000.0
610,10.0,10.0,1.0,1.0,1.0,10.0,10.0,0.5,0.0,1000.0
611,80.0,10.0,1.0,1.0,1.0,10.0,10.0,0.5,0.0,1000.0
612,10.0,2.0,10.0,1.0,1.0,10.0,10.0,0.5,0.0,1000.0
613,80.0,2.0,10.0,1.0,1.0,10.0,10.0,0.5,0.0,1000.0
614,10.0,10.0,10.0,1.0,1.0,10.0,10.0,0.5,0.0,1000.0
615,80.0,10.0,10.0,1.0,1.0,10.0,10.0,0.5,0.0,1000.0
616,10.0,2.0,1.0,3.0,1.0,10.0,10.0,0.5,0.0,1000.0
617,80.0,2.0,1.0,3.0,1.0,10.0,10.0,0.5,0.0,1000.0
618,10.0,10.0,1.0,3.0,1.0,10.0,10.0,0.5,0.0,1000.0
619,80.0,10.0,1.0,3.0,1.0,10.0,10.0,0.5,0.0,1000.0
620,10.0,2.0,10.0,3.0,1.0,10.0,10.0,0.5,0.0,1000.0
621,80.0,2.0,10.0,3.0,1.0,10.0,10.0,0.5,0.0,1000.0
622,10.0,10.0,10.0,3.0,1.0,10.0,10.0,0.5,0.0,1000.0
623,80.0,10.0,10.0,3.0,1.0,10.0,10.0,0.5,0.0,1000.0
624,10.0,2.0,1.0,1.0,3.0,10.0,10.0,0.5,0.0,1000.0
625,80.0,2.0,1.0,1.0,3.0,10.0,10.0,0.5,0.0,1000.0
626,10.0,10.0,1.0,1.0,3.0,10.0,10.0,0.5,0.0,1000.0
627,80.0,10.0,1.0,1.0,3.0,10.0,10.0,0.5,0.0,1000.0
628,10.0,2.0,10.0,1.0,3.0,10.0,10.0,0.5,0.0,1000.0
629,80.0,2.0,10.0,1.0,3.0,10.0,10.0,0.5,0.0,1000.0
630,10.0,10.0,10.0,1.0,3.0,10.0,10.0,0.5,0.0,1000.0
631,80.0,10.0,10.0,1.0,3.0,10.0,10.0,0.5,0.0,1000.0
632,10.0,2.0,1.0,3.0,3.0,10.0,10.0,0.5,0.0,1000.0
633,80.0,2.0,1.0,3.0,3.0,10.0,10.0,0.5,0.0,1000.0
634,10.0,10.0,1.0,3.0,3.0,10.0,10.0,0.5,0.0,1000.0
635,80.0,10.0,1.0,3.0,3.0,10.0,10.0,0.5,0.0,1000.0
636,10.0,2.0,10.0,3.0,3.0,10.0,10.0,0.5,0.0,1000.0
637,80.0,2.0,10.0,3.0,3.0,10.0,10.0,0.5,0.0,1000.0
638,10.0,10.0,10.0,3.0,3.0,10.0,10.0,0.5,0.0,1000.0
639,80.0,10.0,10.0,3.0,3.0,10.0,10.0,0.5,0.0,1000.0
640,10.0,2.0,1.0,1.0,1.0,2.0,1.0,0.95,0.0,1000.0
641,80.0,2.0,1.0,1.0,1.0,2.0,1.0,0.95,0.0,1000.0
642,10.0,10.0,1.0,1.0,1.0,2.0,1.0,0.95,0.0,1000.0
643,80.0,10.0,1.0,1.0,1.0,2.0,1.0,0.95,0.0,1000.0
644,10.0,2.0,10.0,1.0,1.0,2.0,1.0,0.95,0.0,1000.0
645,80.0,2.0,10.0,1.0,1.0,2.0,1.0,0.95,0.0,1000.0
646,10.0,10.0,10.0,1.0,1.0,2.0,1.0,0.95,0.0,1000.0
647,80.0,10.0,10.0,1.0,1.0,2.0,1.0,0.95,0.0,1000.0
648,10.0,2.0,1.0,3.0,1.0,2.0,1.0,0.95,0.0,1000.0
649,80.0,2.0,1.0,3.0,1.0,2.0,1.0,0.95,0.0,1000.0
650,10.0,10.0,1.0,3.0,1.0,2.0,1.0,0.95,0.0,1000.0
651,80.0,10.0,1.0,3.0,1.0,2.0,1.0,0.95,0.0,1000.0
652,10.0,2.0,10.0,3.0,1.0,2.0,1.0,0.95,0.0,1000.0
653,80.0,2.0,10.0,3.0,1.0,2.0,1.0,0.95,0.0,1000.0
654,10.0,10.0,10.0,3.0,1.0,2.0,1.0,0.95,0.0,1000.0
655,80.0,10.0,10.0,3.0,1.0,2.0,1.0,0.95,0.0,1000.0
656,10.0,2.0,1.0,1.0,3.0,2.0,1.0,0.95,0.0,1000.0
657,80.0,2.0,1.0,1.0,3.0,2.0,1.0,0.95,0.0,1000.0
658,10.0,10.0,1.0,1.0,3.0,2.0,1.0,0.95,0.0,1000.0
659,80.0,10.0,1.0,1.0,3.0,2.0,1.0,0.95,0.0,1000.0
660,10.0,2.0,10.0,1.0,3.0,2.0,1.0,0.95,0.0,1000.0
661,80.0,2.0,10.0,1.0,3.0,2.0,1.0,0.95,0.0,1000.0
662,10.0,10.0,10.0,1.0,3.0,2.0,1.0,0.95,0.0,1000.0
663,80.0,10.0,10.0,1.0,3.0,2.0,1.0,0.95,0.0,1000.0
664,10.0,2.0,1.0,3.0,3.0,2.0,1.0,0.95,0.0,1000.0
665,80.0,2.0,1.0,3.0,3.0,2.0,1.0,0.95,0.0,1000.0
666,10.0,10.0,1.0,3.0,3.0,2.0,1.0,0.95,0.0,1000.0
667,80.0,10.0,1.0,3.0,3.0,2.0,1.0,0.95,0.0,1000.0
668,10.0,2.0,10.0,3.0,3.0,2.0,1.0,0.95,0.0,1000.0
669,80.0,2.0,10.0,3.0,3.0,2.0,1.0,0.95,0.0,1000.0
670,10.0,10.0,10.0,3.0,3.0,2.0,1.0,0.95,0.0,1000.0
671,80.0,10.0,10.0,3.0,3.0,2.0,1.0,0.95,0.0,1000.0
672,10.0,2.0,1.0,1.0,1.0,10.0,1.0,0.95,0.0,1000.0
673,80.0,2.0,1.0,1.0,1.0,10.0,1.0,0.95,0.0,1000.0
674,10.0,10.0,1.0,1.0,1.0,10.0,1.0,0.95,0.0,1000.0
675,80.0,10.0,1.0,1.0,1.0,10.0,1.0,0.95,0.0,1000.0
676,10.0,2.0,10.0,1.0,1.0,10.0,1.0,0.95,0.0,1000.0
677,80.0,2.0,10.0,1.0,1.0,10.0,1.0,0.95,0.0,1000.0
678,10.0,10.0,10.0,1.0,1.0,10.0,1.0,0.95,0.0,1000.0
679,80.0,10.0,10.0,1.0,1.0,10.0,1.0,0.95,0.0,1000.0
680,10.0,2.0,1.0,3.0,1.0,10.0,1.0,0.95,0.0,1000.0
681,80.0,2.0,1.0,3.0,1.0,10.0,1.0,0.95,0.0,1000.0
682,10.0,10.0,1.0,3.0,1.0,10.0,1.0,0.95,0.0,1000.0
683,80.0,10.0,1.0,3.0,1.0,10.0,1.0,0.95,0.0,1000.0
684,10.0,2.0,10.0,3.0,1.0,10.0,1.0,0.95,0.0,1000.0
685,80.0,2.0,10.0,3.0,1.0,10.0,1.0,0.95,0.0,1000.0
686,10.0,10.0,10.0,3.0,1.0,10.0,1.0,0.95,0.0,1000.0
687,80.0,10.0,10.0,3.0,1.0,10.0,1.0,0.95,0.0,1000.0
688,10.0,2.0,1.0,1.0,3.0,10.0,1.0,0.95,0.0,1000.0
689,80.0,2.0,1.0,1.0,3.0,10.0,1.0,0.95,0.0,1000.0
690,10.0,10.0,1.0,1.0,3.0,10.0,1.0,0.95,0.0,1000.0
691,80.0,10.0,1.0,1.0,3.0,10.0,1.0,0.95,0.0,1000.0
692,10.0,2.0,10.0,1.0,3.0,10.0,1.0,0.95,0.0,1000.0
693,80.0,2.0,10.0,1.0,3.0,10.0,1.0,0.95,0.0,1000.0
694,10.0,10.0,10.0,1.0,3.0,10.0,1.0,0.95,0.0,1000.0
695,80.0,10.0,10.0,1.0,3.0,10.0,1.0,0.95,0.0,1000.0
696,10.0,2.0,1.0,3.0,3.0,10.0,1.0,0.95,0.0,1000.0
697,80.0,2.0,1.0,3.0,3.0,10.0,1.0,0.95,0.0,1000.0
698,10.0,10.0,1.0,3.0,3.0,10.0,1.0,0.95,0.0,1000.0
699,80.0,10.0,1.0,3.0,3.0,10.0,1.0,0.95,0.0,1000.0
700,10.0,2.0,10.0,3.0,3.0,10.0,1.0,0.95,0.0,1000.0
701,80.0,2.0,10.0,3.0,3.0,10.0,1.0,0.95,0.0,1000.0
702,10.0,10.0,10.0,3.0,3.0,10.0,1.0,0.95,0.0,1000.0
703,80.0,10.0,10.0,3.0,3.0,10.0,1.0,0.95,0.0,1000.0
704,10.0,2.0,1.0,1.0,1.0,2.0,10.0,0.95,0.0,1000.0
705,80.0,2.0,1.0,1.0,1.0,2.0,10.0,0.95,0.0,1000.0
706,10.0,10.0,1.0,1.0,1.0,2.0,10.0,0.95,0.0,1000.0
707,80.0,10.0,1.0,1.0,1.0,2.0,10.0,0.95,0.0,1000.0
708,10.0,2.0,10.0,1.0,1.0,2.0,10.0,0.95,0.0,1000.0
709,80.0,2.0,10.0,1.0,1.0,2.0,10.0,0.95,0.0,1000.0
710,10.0,10.0,10.0,1.0,1.0,2.0,10.0,0.95,0.0,1000.0
711,80.0,10.0,10.0,1.0,1.0,2.0,10.0,0.95,0.0,1000.0
712,10.0,2.0,1.0,3.0,1.0,2.0,10.0,0.95,0.0,1000.0
713,80.0,2.0,1.0,3.0,1.0,2.0,10.0,0.95,0.0,1000.0
714,10.0,10.0,1.0,3.0,1.0,2.0,10.0,0.95,0.0,1000.0
715,80.0,10.0,1.0,3.0,1.0,2.0,10.0,0.95,0.0,1000.0
716,10.0,2.0,10.0,3.0,1.0,2.0,10.0,0.95,0.0,1000.0
717,80.0,2.0,10.0,3.0,1.0,2.0,10.0,0.95,0.0,1000.0
718,10.0,10.0,10.0,3.0,1.0,2.0,10.0,0.95,0.0,1000.0
719,80.0,10.0,10.0,3.0,1.0,2.0,10.0,0.95,0.0,1000.0
720,10.0,2.0,1.0,1.0,3.0,2.0,10.0,0.95,0.0,1000.0
721,80.0,2.0,1.0,1.0,3.0,2.0,10.0,0.95,0.0,1000.0
722,10.0,10.0,1.0,1.0,3.0,2.0,10.0,0.95,0.0,1000.0
723,80.0,10.0,1.0,1.0,3.0,2.0,10.0,0.95,0.0,1000.0
724,10.0,2.0,10.0,1.0,3.0,2.0,10.0,0.95,0.0,1000.0
725,80.0,2.0,10.0,1.0,3.0,2.0,10.0,0.95,0.0,1000.0
726,10.0,10.0,10.0,1.0,3.0,2.0,10.0,0.95,0.0,1000.0
727,80.0,10.0,10.0,1.0,3.0,2.0,10.0,0.95,0.0,1000.0
728,10.0,2.0,1.0,3.0,3.0,2.0,10.0,0.95,0.0,1000.0
729,80.0,2.0,1.0,3.0,3.0,2.0,10.0,0.95,0.0,1000.0
730,10.0,10.0,1.0,3.0,3.0,2.0,10.0,0.95,0.0,1000.0
731,80.0,10.0,1.0,3.0,3.0,2.0,10.0,0.95,0.0,1000.0
732,10.0,2.0,10.0,3.0,3.0,2.0,10.0,0.95,0.0,1000.0
733,80.0,2.0,10.0,3.0,3.0,2.0,10.0,0.95,0.0,1000.0
734,10.0,10.0,10.0,3.0,3.0,2.0,10.0,0.95,0.0,1000.0
735,80.0,10.0,10.0,3.0,3.0,2.0,10.0,0.95,0.0,1000.0
736,10.0,2.0,1.0,1.0,1.0,10.0,10.0,0.95,0.0,1000.0
737,80.0,2.0,1.0,1.0,1.0,10.0,10.0,0.95,0.0,1000.0
738,10.0,10.0,1.0,1.0,1.0,10.0,10.0,0.95,0.0,1000.0
739,80.0,10.0,1.0,1.0,1.0,10.0,10.0,0.95,0.0,1000.0
740,10.0,2.0,10.0,1.0,1.0,10.0,10.0,0.95,0.0,1000.0
741,80.0,2.0,10.0,1.0,1.0,10.0,10.0,0.95,0.0,1000.0
742,10.0,10.0,10.0,1.0,1.0,10.0,10.0,0.95,0.0,1000.0
743,80.0,10.0,10.0,1.0,1.0,10.0,10.0,0.95,0.0,1000.0
744,10.0,2.0,1.0,3.0,1.0,10.0,10.0,0.95,0.0,1000.0
745,80.0,2.0,1.0,3.0,1.0,10.0,10.0,0.95,0.0,1000.0
746,10.0,10.0,1.0,3.0,1.0,10.0,10.0,0.95,0.0,1000.0
747,80.0,10.0,1.0,3.0,1.0,10.0,10.0,0.95,0.0,1000.0
748,10.0,2.0,10.0,3.0,1.0,10.0,10.0,0.95,0.0,1000.0
749,80.0,2.0,10.0,3.0,1.0,10.0,10.0,0.95,0.0,1000.0
750,10.0,10.0,10.0,3.0,1.0,10.0,10.0,0.95,0.0,1000.0
751,80.0,10.0,10.0,3.0,1.0,10.0,10.0,0.95,0.0,1000.0
752,10.0,2.0,1.0,1.0,3.0,10.0,10.0,0.95,0.0,1000.0
753,80.0,2.0,1.0,1.0,3.0,10.0,10.0,0.95,0.0,1000.0
754,10.0,10.0,1.0,1.0,3.0,10.0,10.0,0.95,0.0,1000.0
755,80.0,10.0,1.0,1.0,3.0,10.0,10.0,0.95,0.0,1000.0
756,10.0,2.0,10.0,1.0,3.0,10.0,10.0,0.95,0.0,1000.0
757,80.0,2.0,10.0,1.0,3.0,10.0,10.0,0.95,0.0,1000.0
758,10.0,10.0,10.0,1.0,3.0,10.0,10.0,0.95,0.0,1000.0
759,80.0,10.0,10.0,1.0,3.0,10.0,10.0,0.95,0.0,1000.0
760,10.0,2.0,1.0,3.0,3.0,10.0,10.0,0.95,0.0,1000.0
761,80.0,2.0,1.0,3.0,3.0,10.0,10.0,0.95,0.0,1000.0
762,10.0,10.0,1.0,3.0,3.0,10.0,10.0,0.95,0.0,1000.0
763,80.0,10.0,1.0,3.0,3.0,10.0,10.0,0.95,0.0,1000.0
764,10.0,2.0,10.0,3.0,3.0,10.0,10.0,0.95,0.0,1000.0
765,80.0,2.0,10.0,3.0,3.0,10.0,10.0,0.95,0.0,1000.0
766,10.0,10.0,10.0,3.0,3.0,10.0,10.0,0.95,0.0,1000.0
767,80.0,10.0,10.0,3.0,3.0,10.0,10.0,0.95,0.0,1000.0
768,10.0,2.0,1.0,1.0,1.0,2.0,1.0,0.5,0.5,1000.0
769,80.0,2.0,1.0,1.0,1.0,2.0,1.0,0.5,0.5,1000.0
770,10.0,10.0,1.0,1.0,1.0,2.0,1.0,0.5,0.5,1000.0
771,80.0,10.0,1.0,1.0,1.0,2.0,1.0,0.5,0.5,1000.0
772,10.0,2.0,10.0,1.0,1.0,2.0,1.0,0.5,0.5,1000.0
773,80.0,2.0,10.0,1.0,1.0,2.0,1.0,0.5,0.5,1000.0
774,10.0,10.0,10.0,1.0,1.0,2.0,1.0,0.5,0.5,1000.0
775,80.0,10.0,10.0,1.0,1.0,2.0,1.0,0.5,0.5,1000.0
776,10.0,2.0,1.0,3.0,1.0,2.0,1.0,0.5,0.5,1000.0
777,80.0,2.0,1.0,3.0,1.0,2.0,1.0,0.5,0.5,1000.0
778,10.0,10.0,1.0,3.0,1.0,2.0,1.0,0.5,0.5,1000.0
779,80.0,10.0,1.0,3.0,1.0,2.0,1.0,0.5,0.5,1000.0
780,10.0,2.0,10.0,3.0,1.0,2.0,1.0,0.5,0.5,1000.0
781,80.0,2.0,10.0,3.0,1.0,2.0,1.0,0.5,0.5,1000.0
782,10.0,10.0,10.0,3.0,1.0,2.0,1.0,0.5,0.5,1000.0
783,80.0,10.0,10.0,3.0,1.0,2.0,1.0,0.5,0.5,1000.0
784,10.0,2.0,1.0,1.0,3.0,2.0,1.0,0.5,0.5,1000.0
785,80.0,2.0,1.0,1.0,3.0,2.0,1.0,0.5,0.5,1000.0
786,10.0,10.0,1.0,1.0,3.0,2.0,1.0,0.5,0.5,1000.0
787,80.0,10.0,1.0,1.0,3.0,2.0,1.0,0.5,0.5,1000.0
788,10.0,2.0,10.0,1.0,3.0,2.0,1.0,0.5,0.5,1000.0
789,80.0,2.0,10.0,1.0,3.0,2.0,1.0,0.5,0.5,1000.0
790,10.0,10.0,10.0,1.0,3.0,2.0,1.0,0.5,0.5,1000.0
791,80.0,10.0,10.0,1.0,3.0,2.0,1.0,0.5,0.5,1000.0
792,10.0,2.0,1.0,3.0,3.0,2.0,1.0,0.5,0.5,1000.0
793,80.0,2.0,1.0,3.0,3.0,2.0,1.0,0.5,0.5,1000.0
794,10.0,10.0,1.0,3.0,3.0,2.0,1.0,0.5,0.5,1000.0
795,80.0,10.0,1.0,3.0,3.0,2.0,1.0,0.5,0.5,1000.0
796,10.0,2.0,10.0,3.0,3.0,2.0,1.0,0.5,0.5,1000.0
797,80.0,2.0,10.0,3.0,3.0,2.0,1.0,0.5,0.5,1000.0
798,10.0,10.0,10.0,3.0,3.0,2.0,1.0,0.5,0.5,1000.0
799,80.0,10.0,10.0,3.0,3.0,2.0,1.0,0.5,0.5,1000.0
800,10.0,2.0,1.0,1.0,1.0,10.0,1.0,0.5,0.5,1000.0
801,80.0,2.0,1.0,1.0,1.0,10.0,1.0,0.5,0.5,1000.0
802,10.0,10.0,1.0,1.0,1.0,10.0,1.0,0.5,0.5,1000.0
803,80.0,10.0,1.0,1.0,1.0,10.0,1.0,0.5,0.5,1000.0
804,10.0,2.0,10.0,1.0,1.0,10.0,1.0,0.5,0.5,1000.0
805,80.0,2.0,10.0,1.0,1.0,10.0,1.0,0.5,0.5,1000.0
806,10.0,10.0,10.0,1.0,1.0,10.0,1.0,0.5,0.5,1000.0
807,80.0,10.0,10.0,1.0,1.0,10.0,1.0,0.5,0.5,1000.0
808,10.0,2.0,1.0,3.0,1.0,10.0,1.0,0.5,0.5,1000.0
809,80.0,2.0,1.0,3.0,1.0,10.0,1.0,0.5,0.5,1000.0
810,10.0,10.0,1.0,3.0,1.0,10.0,1.0,0.5,0.5,1000.0
811,80.0,10.0,1.0,3.0,1.0,10.0,1.0,0.5,0.5,1000.0
812,10.0,2.0,10.0,3.0,1.0,10.0,1.0,0.5,0.5,1000.0
813,80.0,2.0,10.0,3.0,1.0,10.0,1.0,0.5,0.5,1000.0
814,10.0,10.0,10.0,3.0,1.0,10.0,1.0,0.5,0.5,1000.0
815,80.0,10.0,10.0,3.0,1.0,10.0,1.0,0.5,0.5,1000.0
816,10.0,2.0,1.0,1.0,3.0,10.0,1.0,0.5,0.5,1000.0
817,80.0,2.0,1.0,1.0,3.0,10.0,1.0,0.5,0.5,1000.0
818,10.0,10.0,1.0,1.0,3.0,10.0,1.0,0.5,0.5,1000.0
819,80.0,10.0,1.0,1.0,3.0,10.0,1.0,0.5,0.5,1000.0
820,10.0,2.0,10.0,1.0,3.0,10.0,1.0,0.5,0.5,1000.0
821,80.0,2.0,10.0,1.0,3.0,10.0,1.0,0.5,0.5,1000.0
822,10.0,10.0,10.0,1.0,3.0,10.0,1.0,0.5,0.5,1000.0
823,80.0,10.0,10.0,1.0,3.0,10.0,1.0,0.5,0.5,1000.0
824,10.0,2.0,1.0,3.0,3.0,10.0,1.0,0.5,0.5,1000.0
825,80.0,2.0,1.0,3.0,3.0,10.0,1.0,0.5,0.5,1000.0
826,10.0,10.0,1.0,3.0,3.0,10.0,1.0,0.5,0.5,1000.0
827,80.0,10.0,1.0,3.0,3.0,10.0,1.0,0.5,0.5,1000.0
828,10.0,2.0,10.0,3.0,3.0,10.0,1.0,0.5,0.5,1000.0
829,80.0,2.0,10.0,3.0,3.0,10.0,1.0,0.5,0.5,1000.0
830,10.0,10.0,10.0,3.0,3.0,10.0,1.0,0.5,0.5,1000.0
831,80.0,10.0,10.0,3.0,3.0,10.0,1.0,0.5,0.5,1000.0
832,10.0,2.0,1.0,1.0,1.0,2.0,10.0,0.5,0.5,1000.0
833,80.0,2.0,1.0,1.0,1.0,2.0,10.0,0.5,0.5,1000.0
834,10.0,10.0,1.0,1.0,1.0,2.0,10.0,0.5,0.5,1000.0
835,80.0,10.0,1.0,1.0,1.0,2.0,10.0,0.5,0.5,1000.0
836,10.0,2.0,10.0,1.0,1.0,2.0,10.0,0.5,0.5,1000.0
837,80.0,2.0,10.0,1.0,1.0,2.0,10.0,0.5,0.5,1000.0
838,10.0,10.0,10.0,1.0,1.0,2.0,10.0,0.5,0.5,1000.0
839,80.0,10.0,10.0,1.0,1.0,2.0,10.0,0.5,0.5,1000.0
840,10.0,2.0,1.0,3.0,1.0,2.0,10.0,0.5,0.5,1000.0
841,80.0,2.0,1.0,3.0,1.0,2.0,10.0,0.5,0.5,1000.0
842,10.0,10.0,1.0,3.0,1.0,2.0,10.0,0.5,0.5,1000.0
843,80.0,10.0,1.0,3.0,1.0,2.0,10.0,0.5,0.5,1000.0
844,10.0,2.0,10.0,3.0,1.0,2.0,10.0,0.5,0.5,1000.0
845,80.0,2.0,10.0,3.0,1.0,2.0,10.0,0.5,0.5,1000.0
846,10.0,10.0,10.0,3.0,1.0,2.0,10.0,0.5,0.5,1000.0
847,80.0,10.0,10.0,3.0,1.0,2.0,10.0,0.5,0.5,1000.0
848,10.0,2.0,1.0,1.0,3.0,2.0,10.0,0.5,0.5,1000.0
849,80.0,2.0,1.0,1.0,3.0,2.0,10.0,0.5,0.5,1000.0
850,10.0,10.0,1.0,1.0,3.0,2.0,10.0,0.5,0.5,1000.0
851,80.0,10.0,1.0,1.0,3.0,2.0,10.0,0.5,0.5,1000.0
852,10.0,2.0,10.0,1.0,3.0,2.0,10.0,0.5,0.5,1000.0
853,80.0,2.0,10.0,1.0,3.0,2.0,10.0,0.5,0.5,1000.0
854,10.0,10.0,10.0,1.0,3.0,2.0,10.0,0.5,0.5,1000.0
855,80.0,10.0,10.0,1.0,3.0,2.0,10.0,0.5,0.5,1000.0
856,10.0,2.0,1.0,3.0,3.0,2.0,10.0,0.5,0.5,1000.0
857,80.0,2.0,1.0,3.0,3.0,2.0,10.0,0.5,0.5,1000.0
858,10.0,10.0,1.0,3.0,3.0,2.0,10.0,0.5,0.5,1000.0
859,80.0,10.0,1.0,3.0,3.0,2.0,10.0,0.5,0.5,1000.0
860,10.0,2.0,10.0,3.0,3.0,2.0,10.0,0.5,0.5,1000.0
861,80.0,2.0,10.0,3.0,3.0,2.0,10.0,0.5,0.5,1000.0
862,10.0,10.0,10.0,3.0,3.0,2.0,10.0,0.5,0.5,1000.0
863,80.0,10.0,10.0,3.0,3.0,2.0,10.0,0.5,0.5,1000.0
864,10.0,2.0,1.0,1.0,1.0,10.0,10.0,0.5,0.5,1000.0
865,80.0,2.0,1.0,1.0,1.0,10.0,10.0,0.5,0.5,1000.0
866,10.0,10.0,1.0,1.0,1.0,10.0,10.0,0.5,0.5,1000.0
867,80.0,10.0,1.0,1.0,1.0,10.0,10.0,0.5,0.5,1000.0
868,10.0,2.0,10.0,1.0,1.0,10.0,10.0,0.5,0.5,1000.0
869,80.0,2.0,10.0,1.0,1.0,10.0,10.0,0.5,0.5,1000.0
870,10.0,10.0,10.0,1.0,1.0,10.0,10.0,0.5,0.5,1000.0
871,80.0,10.0,10.0,1.0,1.0,10.0,10.0,0.5,0.5,1000.0
872,10.0,2.0,1.0,3.0,1.0,10.0,10.0,0.5,0.5,1000.0
873,80.0,2.0,1.0,3.0,1.0,10.0,10.0,0.5,0.5,1000.0
874,10.0,10.0,1.0,3.0,1.0,10.0,10.0,0.5,0.5,1000.0
875,80.0,10.0,1.0,3.0,1.0,10.0,10.0,0.5,0.5,1000.0
876,10.0,2.0,10.0,3.0,1.0,10.0,10.0,0.5,0.5,1000.0
877,80.0,2.0,10.0,3.0,1.0,10.0,10.0,0.5,0.5,1000.0
878,10.0,10.0,10.0,3.0,1.0,10.0,10.0,0.5,0.5,1000.0
879,80.0,10.0,10.0,3.0,1.0,10.0,10.0,0.5,0.5,1000.0
880,10.0,2.0,1.0,1.0,3.0,10.0,10.0,0.5,0.5,1000.0
881,80.0,2.0,1.0,1.0,3.0,10.0,10.0,0.5,0.5,1000.0
882,10.0,10.0,1.0,1.0,3.0,10.0,10.0,0.5,0.5,1000.0
883,80.0,10.0,1.0,1.0,3.0,10.0,10.0,0.5,0.5,1000.0
884,10.0,2.0,10.0,1.0,3.0,10.0,10.0,0.5,0.5,1000.0
885,80.0,2.0,10.0,1.0,3.0,10.0,10.0,0.5,0.5,1000.0
886,10.0,10.0,10.0,1.0,3.0,10.0,10.0,0.5,0.5,1000.0
887,80.0,10.0,10.0,1.0,3.0,10.0,10.0,0.5,0.5,1000.0
888,10.0,2.0,1.0,3.0,3.0,10.0,10.0,0.5,0.5,1000.0
889,80.0,2.0,1.0,3.0,3.0,10.0,10.0,0.5,0.5,1000.0
890,10.0,10.0,1.0,3.0,3.0,10.0,10.0,0.5,0.5,1000.0
891,80.0,10.0,1.0,3.0,3.0,10.0,10.0,0.5,0.5,1000.0
892,10.0,2.0,10.0,3.0,3.0,10.0,10.0,0.5,0.5,1000.0
893,80.0,2.0,10.0,3.0,3.0,10.0,10.0,0.5,0.5,1000.0
894,10.0,10.0,10.0,3.0,3.0,10.0,10.0,0.5,0.5,1000.0
895,80.0,10.0,10.0,3.0,3.0,10.0,10.0,0.5,0.5,1000.0
896,10.0,2.0,1.0,1.0,1.0,2.0,1.0,0.95,0.5,1000.0
897,80.0,2.0,1.0,1.0,1.0,2.0,1.0,0.95,0.5,1000.0
898,10.0,10.0,1.0,1.0,1.0,2.0,1.0,0.95,0.5,1000.0
899,80.0,10.0,1.0,1.0,1.0,2.0,1.0,0.95,0.5,1000.0
900,10.0,2.0,10.0,1.0,1.0,2.0,1.0,0.95,0.5,1000.0
901,80.0,2.0,10.0,1.0,1.0,2.0,1.0,0.95,0.5,1000.0
902,10.0,10.0,10.0,1.0,1.0,2.0,1.0,0.95,0.5,1000.0
903,80.0,10.0,10.0,1.0,1.0,2.0,1.0,0.95,0.5,1000.0
904,10.0,2.0,1.0,3.0,1.0,2.0,1.0,0.95,0.5,1000.0
905,80.0,2.0,1.0,3.0,1.0,2.0,1.0,0.95,0.5,1000.0
906,10.0,10.0,1.0,3.0,1.0,2.0,1.0,0.95,0.5,1000.0
907,80.0,10.0,1.0,3.0,1.0,2.0,1.0,0.95,0.5,1000.0
908,10.0,2.0,10.0,3.0,1.0,2.0,1.0,0.95,0.5,1000.0
909,80.0,2.0,10.0,3.0,1.0,2.0,1.0,0.95,0.5,1000.0
910,10.0,10.0,10.0,3.0,1.0,2.0,1.0,0.95,0.5,1000.0
911,80.0,10.0,10.0,3.0,1.0,2.0,1.0,0.95,0.5,1000.0
912,10.0,2.0,1.0,1.0,3.0,2.0,1.0,0.95,0.5,1000.0
913,80.0,2.0,1.0,1.0,3.0,2.0,1.0,0.95,0.5,1000.0
914,10.0,10.0,1.0,1.0,3.0,2.0,1.0,0.95,0.5,1000.0
915,80.0,10.0,1.0,1.0,3.0,2.0,1.0,0.95,0.5,1000.0
916,10.0,2.0,10.0,1.0,3.0,2.0,1.0,0.95,0.5,1000.0
917,80.0,2.0,10.0,1.0,3.0,2.0,1.0,0.95,0.5,1000.0
918,10.0,10.0,10.0,1.0,3.0,2.0,1.0,0.95,0.5,1000.0
919,80.0,10.0,10.0,1.0,3.0,2.0,1.0,0.95,0.5,1000.0
920,10.0,2.0,1.0,3.0,3.0,2.0,1.0,0.95,0.5,1000.0
921,80.0,2.0,1.0,3.0,3.0,2.0,1.0,0.95,0.5,1000.0
922,10.0,10.0,1.0,3.0,3.0,2.0,1.0,0.95,0.5,1000.0
923,80.0,10.0,1.0,3.0,3.0,2.0,1.0,0.95,0.5,1000.0
924,10.0,2.0,10.0,3.0,3.0,2.0,1.0,0.95,0.5,1000.0
925,80.0,2.0,10.0,3.0,3.0,2.0,1.0,0.95,0.5,1000.0
926,10.0,10.0,10.0,3.0,3.0,2.0,1.0,0.95,0.5,1000.0
927,80.0,10.0,10.0,3.0,3.0,2.0,1.0,0.95,0.5,1000.0
928,10.0,2.0,1.0,1.0,1.0,10.0,1.0,0.95,0.5,1000.0
929,80.0,2.0,1.0,1.0,1.0,10.0,1.0,0.95,0.5,1000.0
930,10.0,10.0,1.0,1.0,1.0,10.0,1.0,0.95,0.5,1000.0
931,80.0,10.0,1.0,1.0,1.0,10.0,1.0,0.95,0.5,1000.0
932,10.0,2.0,10.0,1.0,1.0,10.0,1.0,0.95,0.5,1000.0
933,80.0,2.0,10.0,1.0,1.0,10.0,1.0,0.95,0.5,1000.0
934,10.0,10.0,10.0,1.0,1.0,10.0,1.0,0.95,0.5,1000.0
935,80.0,10.0,10.0,1.0,1.0,10.0,1.0,0.95,0.5,1000.0
936,10.0,2.0,1.0,3.0,1.0,10.0,1.0,0.95,0.5,1000.0
937,80.0,2.0,1.0,3.0,1.0,10.0,1.0,0.95,0.5,1000.0
938,10.0,10.0,1.0,3.0,1.0,10.0,1.0,0.95,0.5,1000.0
939,80.0,10.0,1.0,3.0,1.0,10.0,1.0,0.95,0.5,1000.0
940,10.0,2.0,10.0,3.0,1.0,10.0,1.0,0.95,0.5,1000.0
941,80.0,2.0,10.0,3.0,1.0,10.0,1.0,0.95,0.5,1000.0
942,10.0,10.0,10.0,3.0,1.0,10.0,1.0,0.95,0.5,1000.0
943,80.0,10.0,10.0,3.0,1.0,10.0,1.0,0.95,0.5,1000.0
944,10.0,2.0,1.0,1.0,3.0,10.0,1.0,0.95,0.5,1000.0
945,80.0,2.0,1.0,1.0,3.0,10.0,1.0,0.95,0.5,1000.0
946,10.0,10.0,1.0,1.0,3.0,10.0,1.0,0.95,0.5,1000.0
947,80.0,10.0,1.0,1.0,3.0,10.0,1.0,0.95,0.5,1000.0
948,10.0,2.0,10.0,1.0,3.0,10.0,1.0,0.95,0.5,1000.0
949,80.0,2.0,10.0,1.0,3.0,10.0,1.0,0.95,0.5,1000.0
950,10.0,10.0,10.0,1.0,3.0,10.0,1.0,0.95,0.5,1000.0
951,80.0,10.0,10.0,1.0,3.0,10.0,1.0,0.95,0.5,1000.0
952,10.0,2.0,1.0,3.0,3.0,10.0,1.0,0.95,0.5,1000.0
953,80.0,2.0,1.0,3.0,3.0,10.0,1.0,0.95,0.5,1000.0
954,10.0,10.0,1.0,3.0,3.0,10.0,1.0,0.95,0.5,1000.0
955,80.0,10.0,1.0,3.0,3.0,10.0,1.0,0.95,0.5,1000.0
956,10.0,2.0,10.0,3.0,3.0,10.0,1.0,0.95,0.5,1000.0
957,80.0,2.0,10.0,3.0,3.0,10.0,1.0,0.95,0.5,1000.0
958,10.0,10.0,10.0,3.0,3.0,10.0,1.0,0.95,0.5,1000.0
959,80.0,10.0,10.0,3.0,3.0,10.0,1.0,0.95,0.5,1000.0
960,10.0,2.0,1.0,1.0,1.0,2.0,10.0,0.95,0.5,1000.0
961,80.0,2.0,1.0,1.0,1.0,2.0,10.0,0.95,0.5,1000.0
962,10.0,10.0,1.0,1.0,1.0,2.0,10.0,0.95,0.5,1000.0
963,80.0,10.0,1.0,1.0,1.0,2.0,10.0,0.95,0.5,1000.0
964,10.0,2.0,10.0,1.0,1.0,2.0,10.0,0.95,0.5,1000.0
965,80.0,2.0,10.0,1.0,1.0,2.0,10.0,0.95,0.5,1000.0
966,10.0,10.0,10.0,1.0,1.0,2.0,10.0,0.95,0.5,1000.0
967,80.0,10.0,10.0,1.0,1.0,2.0,10.0,0.95,0.5,1000.0
968,10.0,2.0,1.0,3.0,1.0,2.0,10.0,0.95,0.5,1000.0
969,80.0,2.0,1.0,3.0,1.0,2.0,10.0,0.95,0.5,1000.0
970,10.0,10.0,1.0,3.0,1.0,2.0,10.0,0.95,0.5,1000.0
971,80.0,10.0,1.0,3.0,1.0,2.0,10.0,0.95,0.5,1000.0
972,10.0,2.0,10.0,3.0,1.0,2.0,10.0,0.95,0.5,1000.0
973,80.0,2.0,10.0,3.0,1.0,2.0,10.0,0.95,0.5,1000.0
974,10.0,10.0,10.0,3.0,1.0,2.0,10.0,0.95,0.5,1000.0
975,80.0,10.0,10.0,3.0,1.0,2.0,10.0,0.95,0.5,1000.0
976,10.0,2.0,1.0,1.0,3.0,2.0,10.0,0.95,0.5,1000.0
977,80.0,2.0,1.0,1.0,3.0,2.0,10.0,0.95,0.5,1000.0
978,10.0,10.0,1.0,1.0,3.0,2.0,10.0,0.95,0.5,1000.0
979,80.0,10.0,1.0,1.0,3.0,2.0,10.0,0.95,0.5,1000.0
980,10.0,2.0,10.0,1.0,3.0,2.0,10.0,0.95,0.5,1000.0
981,80.0,2.0,10.0,1.0,3.0,2.0,10.0,0.95,0.5,1000.0
982,10.0,10.0,10.0,1.0,3.0,2.0,10.0,0.95,0.5,1000.0
983,80.0,10.0,10.0,1.0,3.0,2.0,10.0,0.95,0.5,1000.0
984,10.0,2.0,1.0,3.0,3.0,2.0,10.0,0.95,0.5,1000.0
985,80.0,2.0,1.0,3.0,3.0,2.0,10.0,0.95,0.5,1000.0
986,10.0,10.0,1.0,3.0,3.0,2.0,10.0,0.95,0.5,1000.0
987,80.0,10.0,1.0,3.0,3.0,2.0,10.0,0.95,0.5,1000.0
988,10.0,2.0,10.0,3.0,3.0,2.0,10.0,0.95,0.5,1000.0
989,80.0,2.0,10.0,3.0,3.0,2.0,10.0,0.95,0.5,1000.0
990,10.0,10.0,10.0,3.0,3.0,2.0,10.0,0.95,0.5,1000.0
991,80.0,10.0,10.0,3.0,3.0,2.0,10.0,0.95,0.5,1000.0
992,10.0,2.0,1.0,1.0,1.0,10.0,10.0,0.95,0.5,1000.0
993,80.0,2.0,1.0,1.0,1.0,10.0,10.0,0.95,0.5,1000.0
994,10.0,10.0,1.0,1.0,1.0,10.0,10.0,0.95,0.5,1000.0
995,80.0,10.0,1.0,1.0,1.0,10.0,10.0,0.95,0.5,1000.0
996,10.0,2.0,10.0,1.0,1.0,10.0,10.0,0.95,0.5,1000.0
997,80.0,2.0,10.0,1.0,1.0,10.0,10.0,0.95,0.5,1000.0
998,10.0,10.0,10.0,1.0,1.0,10.0,10.0,0.95,0.5,1000.0
999,80.0,10.0,10.0,1.0,1.0,10.0,10.0,0.95,0.5,1000.0
1000,10.0,2.0,1.0,3.0,1.0,10.0,10.0,0.95,0.5,1000.0
1001,80.0,2.0,1.0,3.0,1.0,10.0,10.0,0.95,0.5,1000.0
1002,10.0,10.0,1.0,3.0,1.0,10.0,10.0,0.95,0.5,1000.0
1003,80.0,10.0,1.0,3.0,1.0,10.0,10.0,0.95,0.5,1000.0
1004,10.0,2.0,10.0,3.0,1.0,10.0,10.0,0.95,0.5,1000.0
1005,80.0,2.0,10.0,3.0,1.0,10.0,10.0,0.95,0.5,1000.0
1006,10.0,10.0,10.0,3.0,1.0,10.0,10.0,0.95,0.5,1000.0
1007,80.0,10.0,10.0,3.0,1.0,10.0,10.0,0.95,0.5,1000.0
1008,10.0,2.0,1.0,1.0,3.0,10.0,10.0,0.95,0.5,1000.0
1009,80.0,2.0,1.0,1.0,3.0,10.0,10.0,0.95,0.5,1000.0
1010,10.0,10.0,1.0,1.0,3.0,10.0,10.0,0.95,0.5,1000.0
1011,80.0,10.0,1.0,1.0,3.0,10.0,10.0,0.95,0.5,1000.0
1012,10.0,2.0,10.0,1.0,3.0,10.0,10.0,0.95,0.5,1000.0
1013,80.0,2.0,10.0,1.0,3.0,10.0,10.0,0.95,0.5,1000.0
1014,10.0,10.0,10.0,1.0,3.0,10.0,10.0,0.95,0.5,1000.0
1015,80.0,10.0,10.0,1.0,3.0,10.0,10.0,0.95,0.5,1000.0
1016,10.0,2.0,1.0,3.0,3.0,10.0,10.0,0.95,0.5,1000.0
1017,80.0,2.0,1.0,3.0,3.0,10.0,10.0,0.95,0.5,1000.0
1018,10.0,10.0,1.0,3.0,3.0,10.0,10.0,0.95,0.5,1000.0
1019,80.0,10.0,1.0,3.0,3.0,10.0,10.0,0.95,0.5,1000.0
1020,10.0,2.0,10.0,3.0,3.0,10.0,10.0,0.95,0.5,1000.0
1021,80.0,2.0,10.0,3.0,3.0,10.0,10.0,0.95,0.5,1000.0
1022,10.0,10.0,10.0,3.0,3.0,10.0,10.0,0.95,0.5,1000.0
1023,80.0,10.0,10.0,3.0,3.0,10.0,10.0,0.95,0.5,1000.0
1024,45.0,6.0,5.5,2.0,2.0,6.0,5.5,0.725,0.25,550.0
1025,45.0,6.0,5.5,2.0,2.0,6.0,5.5,0.725,0.25,550.0
1026,10.0,6.0,5.5,2.0,2.0,6.0,5.5,0.725,0.25,550.0
1027,80.0,6.0,5.5,2.0,2.0,6.0,5.5,0.725,0.25,550.0
1028,45.0,2.0,5.5,2.0,2.0,6.0,5.5,0.725,0.25,550.0
1029,45.0,10.0,5.5,2.0,2.0,6.0,5.5,0.725,0.25,550.0
1030,45.0,6.0,1.0,2.0,2.0,6.0,5.5,0.725,0.25,550.0
1031,45.0,6.0,10.0,2.0,2.0,6.0,5.5,0.725,0.25,550.0
1032,45.0,6.0,5.5,1.0,2.0,6.0,5.5,0.725,0.25,550.0
1033,45.0,6.0,5.5,3.0,2.0,6.0,5.5,0.725,0.25,550.0
1034,45.0,6.0,5.5,2.0,1.0,6.0,5.5,0.725,0.25,550.0
1035,45.0,6.0,5.5,2.0,3.0,6.0,5.5,0.725,0.25,550.0
1036,45.0,6.0,5.5,2.0,2.0,2.0,5.5,0.725,0.25,550.0
1037,45.0,6.0,5.5,2.0,2.0,10.0,5.5,0.725,0.25,550.0
1038,45.0,6.0,5.5,2.0,2.0,6.0,1.0,0.725,0.25,550.0
1039,45.0,6.0,5.5,2.0,2.0,6.0,10.0,0.725,0.25,550.0
1040,45.0,6.0,5.5,2.0,2.0,6.0,5.5,0.5,0.25,550.0
1041,45.0,6.0,5.5,2.0,2.0,6.0,5.5,0.95,0.25,550.0
1042,45.0,6.0,5.5,2.0,2.0,6.0,5.5,0.725,0.0,550.0
1043,45.0,6.0,5.5,2.0,2.0,6.0,5.5,0.725,0.5,550.0
1044,45.0,6.0,5.5,2.0,2.0,6.0,5.5,0.725,0.25,100.0
1045,45.0,6.0,5.5,2.0,2.0,6.0,5.5,0.725,0.25,1000.0
1046,45.0,6.0,5.5,2.0,2.0,6.0,5.5,0.725,0.25,550.0
1047,45.0,6.0,5.5,2.0,2.0,6.0,5.5,0.725,0.25,550.0
